-0.00026870728,-0.0022966003,-0.00088401797,-0.10876362,-0.002530365,-0.052327577,-0.19276993,-0.4027117,-0.0677652,-0.10843491,-0.7365393,-0.24907058,0.098733254,0.005461197,0.05000343,0.10956955,-0.38924137,0.15382043,0.16287537,-0.74572694,0.03670212,0.005403252,0.08242859,-0.00715271,0.0043560793,0.27340156,-0.00077018735,-0.003321533,0.4071717,0.015972901,-0.024905968,0.606286,0.05753914,-0.029253846,0.6808589,0.063356094,-0.030254288,0.7555859,0.05746765,-0.048308104,0.54547286,0.033065643,-0.21961732,0.5257701,-0.04630043,-0.29219,0.24712639,-0.08189102,-0.168897,0.14349204,0.15927368,0.010391922,0.5467781,0.05623497,0.18754548,0.53016603,0.12115295,0.29215944,0.31051826,0.27785012,0.2022258,0.40988922,0.5350439
-0.00018371582,-0.0075482177,-0.002073059,-0.105240785,-0.0072235106,-0.058190994,-0.1906839,-0.4072142,-0.076443255,-0.10374618,-0.74088156,-0.25430787,0.09481186,-0.00043373107,0.05318146,0.10533714,-0.39475277,0.15855873,0.16334751,-0.74862474,0.035165787,0.006510811,0.07718979,-0.0078057097,0.0058925627,0.2681983,-0.0020212554,-0.002625084,0.40222,0.013340455,-0.027045632,0.601669,0.051535796,-0.032078322,0.6762921,0.056440126,-0.03349743,0.75100034,0.050153274,-0.04800583,0.5408867,0.025370102,-0.21438862,0.5204225,-0.06575401,-0.28699636,0.2442231,-0.11794708,-0.19536133,0.1177124,0.12646836,0.008213349,0.54211396,0.053473663,0.18180405,0.529758,0.12867455,0.29321122,0.3249237,0.30036134,0.19669452,0.4246283,0.5550046
0.00052585604,-0.010030441,-0.0021935273,-0.102023624,-0.009419021,-0.059923936,-0.18909875,-0.40893477,-0.08265701,-0.101637535,-0.7433815,-0.25774613,0.0938113,-0.0033686066,0.054893874,0.10335586,-0.3974578,0.15974908,0.16361584,-0.75057673,0.034285966,0.0074618147,0.074741974,-0.0074520875,0.0068043135,0.2657901,-0.002105713,-0.002286377,0.39999312,0.012098236,-0.028337402,0.5997409,0.047540817,-0.03374447,0.6743971,0.05169037,-0.035375558,0.74906844,0.044997253,-0.04784622,0.53894776,0.020761566,-0.21076848,0.51726514,-0.073578335,-0.2816646,0.24408837,-0.14054291,-0.21172346,0.104152754,0.103787154,0.0067902757,0.54007554,0.05135162,0.17750762,0.53013855,0.13294464,0.29281494,0.33638,0.3148211,0.19262543,0.43567908,0.56817955
0.002294693,-0.012468185,-0.0014890289,-0.096325375,-0.0112932585,-0.059451524,-0.18620032,-0.40957537,-0.09383789,-0.09892708,-0.74628496,-0.2635234,0.09211002,-0.006652145,0.057803422,0.10165142,-0.4004083,0.15998985,0.16351174,-0.75341123,0.032833938,0.0096510695,0.072402954,-0.006326065,0.008416481,0.2635508,-0.0017490387,-0.0019087219,0.39797944,0.01021492,-0.031298522,0.59803164,0.040973816,-0.037482377,0.67269427,0.043759767,-0.039434776,0.74726504,0.036148224,-0.047903977,0.5370282,0.013151245,-0.20397493,0.5144966,-0.09189392,-0.27104726,0.24558319,-0.17828964,-0.23991875,0.08541809,0.06164406,0.0033192826,0.5383862,0.048329774,0.16878392,0.53300506,0.14058891,0.28915092,0.35991517,0.33935297,0.1852048,0.4584896,0.59144217
0.0043006134,-0.012871933,-0.0018857574,-0.09250965,-0.011772689,-0.062178496,-0.18229608,-0.40962592,-0.10190415,-0.09746445,-0.74904525,-0.2669983,0.09058254,-0.008014603,0.06022934,0.09556171,-0.40262806,0.1612825,0.16338307,-0.7552066,0.03168495,0.011946449,0.072289504,-0.0061483,0.009493408,0.26356414,-0.001815567,-0.0023431014,0.39808196,0.008296814,-0.03620495,0.59802186,0.034906387,-0.043455888,0.672612,0.036401976,-0.045758285,0.74705523,0.027733155,-0.049445305,0.5367281,0.0063061523,-0.19786312,0.5133165,-0.10887207,-0.2578444,0.2499884,-0.21448837,-0.26844472,0.07261643,0.014764328,-0.0019017028,0.5385924,0.04546028,0.15737133,0.53759736,0.1479065,0.28128585,0.3877462,0.36289498,0.17642368,0.4860138,0.61472744
0.005074234,-0.012554092,-0.0026480865,-0.090795934,-0.011800766,-0.06439789,-0.18098292,-0.4096346,-0.104299165,-0.097196996,-0.75024337,-0.26769042,0.090023,-0.0081816865,0.060648344,0.09187401,-0.4032083,0.16244392,0.16355884,-0.7554653,0.031537782,0.012810249,0.07279602,-0.006574707,0.009773941,0.26413155,-0.002203293,-0.002788582,0.3986724,0.0073485565,-0.038698617,0.59843564,0.032566834,-0.046439897,0.6729742,0.033601914,-0.048868448,0.7473602,0.024507675,-0.05039528,0.53705823,0.0037030028,-0.19565782,0.5130484,-0.115173645,-0.25257984,0.2523465,-0.22869599,-0.27999303,0.069045335,-0.0055867005,-0.0044205096,0.5392088,0.044328842,0.15213494,0.54004973,0.15087722,0.2770201,0.39973435,0.37176788,0.17239258,0.497941,0.6237334
0.006204109,-0.0113301845,-0.0048900605,-0.08781761,-0.011252671,-0.06982681,-0.17879859,-0.40928283,-0.108628996,-0.096664235,-0.7522946,-0.26859254,0.08856586,-0.00805214,0.060715485,0.08667484,-0.4028523,0.1647593,0.16414036,-0.7552191,0.03187363,0.014257813,0.074454956,-0.008024826,0.010234833,0.2659562,-0.0033734895,-0.0039047622,0.40055352,0.0053486633,-0.04412983,0.5998285,0.027805634,-0.052957725,0.6742355,0.027934493,-0.055728685,0.74850297,0.018031998,-0.052670784,0.538235,-0.0012486267,-0.19130038,0.5129678,-0.12734863,-0.24219027,0.25818855,-0.25666764,-0.30250728,0.06513695,-0.04869339,-0.009769363,0.5412494,0.041910477,0.14094822,0.5457939,0.15666504,0.2667076,0.4245288,0.38829064,0.16342117,0.5225487,0.6408992
0.0062283706,-0.010009156,-0.0072253416,-0.08537037,-0.010428161,-0.07523292,-0.17714405,-0.40856868,-0.11329086,-0.09612251,-0.75459456,-0.26903352,0.08627781,-0.0080176545,0.060691986,0.08248707,-0.4025705,0.16713944,0.16457362,-0.75518423,0.032175902,0.014732628,0.076245956,-0.009517822,0.010235176,0.26800424,-0.004530945,-0.0054332353,0.4027401,0.003594284,-0.04961235,0.6015363,0.022765579,-0.05949158,0.6758026,0.021900253,-0.06272106,0.74995714,0.011289215,-0.055573273,0.5396367,-0.0056877136,-0.18712257,0.51301974,-0.13861664,-0.23017599,0.265523,-0.28335357,-0.32258356,0.06557533,-0.094433896,-0.015068512,0.5436058,0.03887756,0.12895851,0.55131686,0.16164093,0.2542685,0.45059752,0.40333602,0.1534261,0.5476094,0.6572992
0.0054091644,-0.008398285,-0.009414291,-0.082405165,-0.009060745,-0.081161425,-0.17518058,-0.40720177,-0.11939209,-0.09522026,-0.75658625,-0.26926956,0.083673514,-0.0077966307,0.06178154,0.0800563,-0.40255478,0.16827492,0.16485184,-0.7555905,0.032157898,0.01429081,0.07832115,-0.010810928,0.009552841,0.27041343,-0.005703354,-0.007876473,0.40538192,0.001459961,-0.055884093,0.6037047,0.015965348,-0.06685203,0.67780167,0.013769073,-0.07072067,0.7518106,0.0023587036,-0.05898819,0.54133606,-0.011499558,-0.18159881,0.51373976,-0.15245773,-0.21913104,0.27554688,-0.31868285,-0.34342328,0.071374744,-0.15333374,-0.021499291,0.5466597,0.034825668,0.113604315,0.55855787,0.16714287,0.23624016,0.48437026,0.4200505,0.13978653,0.579306,0.67646456
0.0036422347,-0.0069296267,-0.010545731,-0.08141018,-0.0075793457,-0.08607445,-0.17160463,-0.40623152,-0.12556106,-0.093618125,-0.75848573,-0.2696379,0.08104824,-0.007021561,0.06352791,0.07883599,-0.40269458,0.16704483,0.16519535,-0.75638205,0.03188469,0.012547035,0.080034025,-0.011193237,0.0075036623,0.27236626,-0.006504059,-0.011265259,0.40754777,-0.0005643463,-0.06187813,0.6055617,0.008547516,-0.0736385,0.67950225,0.0048801424,-0.07807987,0.7533632,-0.007298355,-0.06295494,0.54263216,-0.017543945,-0.1766564,0.5144539,-0.16555832,-0.19787061,0.286911,-0.3432631,-0.35877168,0.08291397,-0.21210389,-0.028027764,0.5492188,0.030142441,0.09786266,0.56477094,0.17085129,0.21453285,0.5179567,0.4325602,0.12638965,0.6116699,0.6924317
0.0027568054,-0.006407547,-0.010753173,-0.08124344,-0.0070458986,-0.08758461,-0.16974579,-0.4059624,-0.12814422,-0.092623174,-0.75931466,-0.2699254,0.07965653,-0.006615372,0.06402557,0.07836288,-0.4026448,0.16641091,0.16537204,-0.75671935,0.03183487,0.011527977,0.0806025,-0.011117477,0.006247444,0.27298936,-0.0067520905,-0.0129652405,0.40822196,-0.0014215088,-0.06429951,0.6061502,0.0053565977,-0.076284714,0.68003005,0.0010523223,-0.08089287,0.7538292,-0.011452408,-0.06469635,0.542979,-0.020142365,-0.17491479,0.51463944,-0.17072707,-0.19141696,0.2914035,-0.35442656,-0.36371672,0.088873975,-0.23613419,-0.030821458,0.55005705,0.02815155,0.091447026,0.5672131,0.17183754,0.20543621,0.53063995,0.43642944,0.12117973,0.6250926,0.69736814
-8.5067746e-05,-0.004982605,-0.01147995,-0.08125892,-0.005620575,-0.09151504,-0.16449486,-0.40534726,-0.13458802,-0.08957375,-0.7614048,-0.27073136,0.07498428,-0.005245056,0.0645237,0.0764228,-0.4017557,0.16568856,0.16571842,-0.7569811,0.032238007,0.008023033,0.082079545,-0.011290741,0.0019145965,0.2745333,-0.008002014,-0.018153762,0.40983567,-0.0043875123,-0.07052971,0.6076138,-0.0033342743,-0.08283932,0.68134886,-0.009233246,-0.08766365,0.7549815,-0.022614442,-0.06956127,0.54388964,-0.027489167,-0.17165995,0.51504195,-0.18364792,-0.17569953,0.30239165,-0.38061127,-0.37189567,0.10549042,-0.29434037,-0.038165625,0.5521338,0.02243805,0.07565041,0.57344455,0.17240547,0.18113679,0.559727,0.4427993,0.10799015,0.6585208,0.70560884
-0.0021054076,-0.0036962128,-0.012287826,-0.08121239,-0.0040014647,-0.09387787,-0.1620401,-0.4039462,-0.13818985,-0.088432044,-0.760839,-0.27116868,0.07184261,-0.0042113494,0.06435097,0.07460961,-0.40072423,0.16586357,0.16575713,-0.75674766,0.03250206,0.0054186247,0.08334465,-0.011884537,-0.0012381363,0.27578628,-0.0093289185,-0.021686058,0.41107818,-0.006792145,-0.074315876,0.60878146,-0.00887497,-0.08669929,0.68243426,-0.015670395,-0.09154671,0.7559618,-0.02960327,-0.07287006,0.5448038,-0.032354128,-0.17060967,0.51546115,-0.19122528,-0.16834435,0.30975693,-0.3983194,-0.37367156,0.11618225,-0.3264076,-0.04253479,0.55358005,0.01836441,0.06670204,0.5771773,0.17137757,0.16542405,0.5754204,0.4446141,0.09990993,0.6780252,0.70798165
-0.005391617,-0.0012719727,-0.014167557,-0.080501325,-0.0004975891,-0.09721832,-0.15914387,-0.4005257,-0.14238037,-0.08800434,-0.7579819,-0.271707,0.06734512,-0.002935486,0.06350075,0.0711306,-0.39929023,0.16657174,0.1657541,-0.75645316,0.032567672,0.0010347366,0.085742876,-0.013760299,-0.006434555,0.27813667,-0.012317276,-0.027553482,0.4133444,-0.011582489,-0.080414966,0.6108959,-0.01790367,-0.0928323,0.6844153,-0.025979005,-0.09758068,0.7577588,-0.040847015,-0.0782486,0.5464247,-0.040643618,-0.16909713,0.5170106,-0.2035646,-0.14977661,0.31905654,-0.4143625,-0.37249044,0.13482986,-0.37662277,-0.049854547,0.556268,0.011433716,0.052369766,0.5837996,0.16855499,0.13956486,0.59916395,0.4452587,0.08749325,0.70822203,0.7090414
-0.0067316056,-0.00025382996,-0.015109177,-0.080304146,0.001102066,-0.09851654,-0.15827057,-0.39891735,-0.14381897,-0.08797543,-0.7564543,-0.27184618,0.06583282,-0.0025416566,0.06303391,0.069612235,-0.39886445,0.16660622,0.16573986,-0.75645036,0.032591704,-0.0007107544,0.086742096,-0.01477623,-0.0084230425,0.27910262,-0.01373024,-0.029827958,0.41424888,-0.013648758,-0.08274296,0.61174166,-0.021330185,-0.09514919,0.6852147,-0.029834136,-0.09983212,0.7584842,-0.04507675,-0.08042469,0.5470497,-0.043862306,-0.16866992,0.5177083,-0.2082637,-0.14324433,0.32312697,-0.42168245,-0.37065333,0.14265396,-0.39564133,-0.052613944,0.55726945,0.008625412,0.0469611,0.58615994,0.16718346,0.12953739,0.6078851,0.44484994,0.08282676,0.71944,0.708574
-0.010047569,0.0022050475,-0.017932968,-0.08039753,0.004824524,-0.1021019,-0.15724483,-0.39517167,-0.14751557,-0.088156395,-0.7536807,-0.2721382,0.06231228,-0.0015247345,0.06117523,0.06601951,-0.3977816,0.16567414,0.16568786,-0.75659424,0.032667313,-0.004957695,0.08917862,-0.017727815,-0.013218918,0.28146353,-0.017538147,-0.0352388,0.41646224,-0.01899994,-0.0881382,0.61381793,-0.029894866,-0.10049145,0.6871765,-0.03941902,-0.105112724,0.76024276,-0.055630874,-0.08556587,0.54871386,-0.05203148,-0.16743475,0.51921874,-0.21978454,-0.1272873,0.33240104,-0.43794417,-0.36380455,0.1613163,-0.4413185,-0.058938064,0.5595673,0.0013645173,0.034096945,0.59120786,0.16329513,0.105504,0.6280907,0.44233033,0.07112804,0.7459534,0.7051318
-0.01210968,0.0033569336,-0.019886093,-0.08105732,0.006136322,-0.104518436,-0.15727931,-0.39402595,-0.14984024,-0.088587835,-0.75404936,-0.2725052,0.060156364,-0.0008304596,0.059701845,0.06413132,-0.39703277,0.16465004,0.16559696,-0.7565656,0.032794494,-0.007442131,0.09036789,-0.019734954,-0.01596138,0.28264594,-0.020057296,-0.03824196,0.41758406,-0.02238144,-0.0911243,0.61484194,-0.035111085,-0.10343289,0.6881209,-0.0452668,-0.10798794,0.7610371,-0.0621431,-0.08818615,0.54958224,-0.057138596,-0.16626506,0.5198462,-0.22662826,-0.118763335,0.33704284,-0.44697967,-0.35816643,0.17143776,-0.46266204,-0.06249561,0.560675,-0.003070526,0.026657028,0.59388614,0.1606672,0.09219585,0.6392615,0.43983802,0.06405685,0.7610912,0.7015574
-0.015776481,0.0050616455,-0.023447648,-0.08329949,0.007797241,-0.109387204,-0.15752822,-0.3927905,-0.15461609,-0.08842983,-0.7551856,-0.27303955,0.055894203,0.0005480957,0.057035826,0.0610392,-0.3956457,0.16233322,0.16542855,-0.7564898,0.033047944,-0.0115839,0.09211792,-0.023471145,-0.020446815,0.28437248,-0.024802322,-0.04294697,0.419199,-0.028430557,-0.09579174,0.61627746,-0.044019014,-0.10801884,0.6894134,-0.055221632,-0.11246944,0.7620581,-0.073263705,-0.09232193,0.5508357,-0.06595009,-0.16436018,0.5204445,-0.23807037,-0.10607361,0.3424237,-0.4598781,-0.34925687,0.1862983,-0.49743637,-0.06779625,0.5621408,-0.010874328,0.01506298,0.59732085,0.15572594,0.07089962,0.656185,0.4343782,0.05125656,0.7851933,0.69337445
-0.019743614,0.0064196014,-0.027456665,-0.085848846,0.009026947,-0.11532791,-0.15887961,-0.39170697,-0.16082947,-0.089655645,-0.75537753,-0.27521056,0.050829962,0.0018852997,0.054327697,0.05813801,-0.3944804,0.15948838,0.165386,-0.756707,0.033154298,-0.015969582,0.0934581,-0.027849197,-0.025108337,0.28563446,-0.03047325,-0.047546197,0.42035133,-0.035399552,-0.09999786,0.6173161,-0.05365143,-0.11208912,0.6903163,-0.06584984,-0.116474345,0.7626819,-0.08500549,-0.09603867,0.5516298,-0.075456925,-0.16187881,0.5208699,-0.24995376,-0.09535435,0.34536597,-0.47169587,-0.3408054,0.1986074,-0.52733856,-0.0727734,0.5633002,-0.019355468,0.003803482,0.6001045,0.14982498,0.05061489,0.67158353,0.42710182,0.037441786,0.8075758,0.6828955
-0.021271057,0.0068685915,-0.029115066,-0.086633,0.009440155,-0.11775116,-0.15954712,-0.39124963,-0.16330521,-0.09009311,-0.75513786,-0.27594146,0.04869297,0.0024139404,0.053286668,0.057063177,-0.39404353,0.1582402,0.16540024,-0.75668114,0.033215713,-0.017698823,0.09388146,-0.029703217,-0.026965331,0.28601655,-0.032910995,-0.049333457,0.42069635,-0.038363494,-0.10154438,0.61762637,-0.0576651,-0.11355366,0.6905771,-0.070242465,-0.117887765,0.76284224,-0.08979126,-0.09737945,0.5518779,-0.079407886,-0.16090156,0.52078325,-0.25469834,-0.091688424,0.34569862,-0.47598374,-0.33783627,0.20270737,-0.5378371,-0.074656256,0.5636586,-0.022925643,-0.00047172548,0.6009181,0.14720795,0.043292046,0.67786515,0.42344788,0.03177452,0.8158911,0.6782264
-0.024522018,0.0074318694,-0.033285215,-0.087254904,0.009793625,-0.122994386,-0.1613132,-0.39045906,-0.16909531,-0.09084847,-0.7551517,-0.276868,0.043506507,0.0032827759,0.050476227,0.05455063,-0.39326847,0.15522209,0.16557728,-0.7564972,0.033460006,-0.021537744,0.09441353,-0.034437638,-0.03120655,0.28648293,-0.039110947,-0.05343834,0.42110214,-0.045935288,-0.10508724,0.6179208,-0.06774818,-0.11685917,0.69075274,-0.08121727,-0.12095965,0.7627864,-0.10166199,-0.10032856,0.55204713,-0.08934105,-0.15842967,0.5198094,-0.266306,-0.08384476,0.34452438,-0.48571107,-0.33159226,0.21101433,-0.56057143,-0.07911446,0.56408995,-0.031972427,-0.010532989,0.6020679,0.14030677,0.02584034,0.69202834,0.4136551,0.017656136,0.8347127,0.66597104
-0.026245499,0.0074601746,-0.03579056,-0.08725445,0.009742508,-0.12544449,-0.16271637,-0.3900513,-0.17258576,-0.091840096,-0.7552472,-0.27754486,0.040686607,0.003474884,0.048541795,0.053146742,-0.39299145,0.15363464,0.16571441,-0.756463,0.033588562,-0.023558311,0.09443672,-0.037332155,-0.03341923,0.2864953,-0.042822953,-0.055599213,0.4210923,-0.050515365,-0.10703648,0.6177962,-0.07378227,-0.118660904,0.69053954,-0.08778343,-0.12249498,0.76238173,-0.108871005,-0.101790085,0.551817,-0.095260926,-0.15695982,0.5187466,-0.27298355,-0.08028599,0.34284446,-0.4912218,-0.32898617,0.21487236,-0.57214004,-0.08173671,0.5641,-0.037334062,-0.016271478,0.6023849,0.13601944,0.014516372,0.6973695,0.4085148,0.009554138,0.8452249,0.65798813
-0.029377442,0.007302475,-0.039645538,-0.0887096,0.009616623,-0.12793624,-0.1636997,-0.38983914,-0.17756668,-0.09232697,-0.75563794,-0.27774414,0.036073837,0.003539505,0.04517807,0.050834313,-0.39253947,0.15141594,0.16588013,-0.7563496,0.03381279,-0.026817322,0.09425949,-0.041790925,-0.03669529,0.2863124,-0.048541643,-0.058746796,0.42089057,-0.057709273,-0.1099131,0.6173248,-0.083610535,-0.121301614,0.6898918,-0.09853348,-0.124599054,0.7613472,-0.12081695,-0.10382233,0.5512541,-0.10478149,-0.15493795,0.5162247,-0.2833313,-0.07676235,0.33820862,-0.4993254,-0.32714206,0.21921784,-0.5880347,-0.085680656,0.5639255,-0.04604866,-0.024489861,0.6023932,0.12881027,-0.0007373047,0.7076567,0.39819327,-0.0036698913,0.8610918,0.64429724
-0.03267006,0.007350311,-0.043106306,-0.09207481,0.010016785,-0.13114105,-0.16354485,-0.39001358,-0.18042374,-0.09250782,-0.75583696,-0.27780914,0.032153398,0.003633728,0.042310104,0.04905445,-0.39203075,0.14983284,0.16597065,-0.7561566,0.034041215,-0.029855499,0.09423882,-0.045551606,-0.039357185,0.2862568,-0.053138353,-0.061122857,0.42079377,-0.06346573,-0.11192959,0.61701477,-0.09149445,-0.12313481,0.68944335,-0.10712738,-0.12608121,0.7606351,-0.13021423,-0.105099104,0.55085737,-0.11232895,-0.15393877,0.513871,-0.2910794,-0.07631378,0.3336457,-0.5054146,-0.32804322,0.22132896,-0.59854037,-0.08859836,0.5639139,-0.05306221,-0.030353813,0.6027153,0.122646786,-0.011933709,0.71479434,0.38965026,-0.013823166,0.87225693,0.6331987
-0.035085104,0.007429962,-0.046080247,-0.09422352,0.010417938,-0.13434371,-0.16370392,-0.3901107,-0.18183547,-0.09269466,-0.75574595,-0.27787125,0.029242858,0.0036878968,0.039956283,0.04791725,-0.3916178,0.14852585,0.16608891,-0.7559883,0.03422722,-0.032107428,0.0942437,-0.048636552,-0.041256867,0.2862069,-0.05672516,-0.062747724,0.42069405,-0.06782494,-0.113102034,0.6168082,-0.09732498,-0.124143735,0.6891475,-0.11344177,-0.12685825,0.7601686,-0.13705124,-0.10595307,0.55054367,-0.117853545,-0.15321773,0.5123686,-0.29677215,-0.07681446,0.32995728,-0.50964934,-0.3295686,0.22227485,-0.60519224,-0.09034416,0.563927,-0.058357313,-0.034196664,0.6027118,0.11800125,-0.019711075,0.71945035,0.38323975,-0.021071244,0.87968767,0.6249736
-0.037910003,0.007347946,-0.050064314,-0.09544006,0.010603943,-0.13847077,-0.16488574,-0.39017406,-0.18340668,-0.09295494,-0.7556713,-0.27793288,0.025405006,0.003600006,0.0367247,0.046754647,-0.39114922,0.14677437,0.16632065,-0.7557451,0.03447899,-0.034820482,0.09405449,-0.052827682,-0.043462448,0.2859233,-0.06156601,-0.06458279,0.42032242,-0.07357475,-0.11422688,0.61643386,-0.10445114,-0.12516403,0.6887842,-0.120907284,-0.12817633,0.7601303,-0.14385253,-0.10681496,0.5498898,-0.124875486,-0.15201868,0.5107585,-0.30408996,-0.07823681,0.32500213,-0.5149683,-0.3323931,0.22283249,-0.6125848,-0.092137985,0.5636858,-0.06519722,-0.03834095,0.60240644,0.111899875,-0.028801842,0.7252124,0.3746153,-0.02976265,0.88876814,0.61411726
-0.040613633,0.007077408,-0.05403221,-0.09670391,0.010546341,-0.14278167,-0.16651502,-0.39047936,-0.18436202,-0.093296394,-0.7559051,-0.27800032,0.021597404,0.0033663178,0.03353943,0.045834504,-0.39078754,0.14514099,0.1665413,-0.7554733,0.034738008,-0.037328452,0.093681335,-0.057030793,-0.04537552,0.28546524,-0.06644508,-0.06603111,0.41979384,-0.079273604,-0.11485393,0.6158774,-0.11160492,-0.1256182,0.6881477,-0.12859315,-0.1286882,0.7594144,-0.1518425,-0.10729694,0.54917693,-0.13170059,-0.15108038,0.5090358,-0.3110054,-0.080658376,0.32014558,-0.52010363,-0.33627397,0.2228656,-0.618591,-0.0935709,0.5631935,-0.071846314,-0.0416296,0.60219866,0.10568268,-0.036550447,0.7307295,0.36577156,-0.037459794,0.8970564,0.6033537
-0.042602044,0.0067918394,-0.056985855,-0.09792713,0.0104142,-0.1462732,-0.16783398,-0.3908754,-0.18472381,-0.093548544,-0.75600624,-0.2781073,0.018782998,0.0031063843,0.031196212,0.045234907,-0.39058906,0.14393479,0.16668549,-0.7552739,0.034919206,-0.039129257,0.09332741,-0.06015442,-0.04672943,0.2850603,-0.07007469,-0.06699577,0.41935632,-0.08347092,-0.11517685,0.6154036,-0.11692062,-0.1257779,0.6875992,-0.13432236,-0.12877852,0.75873095,-0.15796997,-0.10754028,0.5487036,-0.13672408,-0.15056495,0.5075926,-0.31597123,-0.0829921,0.3164267,-0.52385527,-0.3397946,0.22242752,-0.6222597,-0.09444607,0.5627551,-0.07675896,-0.043586615,0.60210997,0.100990064,-0.04152729,0.7345343,0.35915664,-0.042699967,0.902731,0.59541553
-0.04558056,0.0062220003,-0.061688997,-0.09966721,0.010142288,-0.15189865,-0.17040949,-0.39135247,-0.1857016,-0.093823664,-0.75582904,-0.2782849,0.014471931,0.0025880432,0.02752861,0.044372443,-0.39042246,0.14180404,0.16684872,-0.7550096,0.03513176,-0.041826896,0.092642516,-0.065199204,-0.04878727,0.28429663,-0.07592468,-0.068418846,0.41853705,-0.09018837,-0.115591586,0.614518,-0.12535034,-0.12589346,0.6866009,-0.1433754,-0.12867111,0.7575342,-0.16760956,-0.1079042,0.54785657,-0.14469315,-0.1499588,0.5051521,-0.3237831,-0.08721489,0.31034774,-0.5296838,-0.346259,0.22154197,-0.62675595,-0.09560986,0.56193465,-0.08462555,-0.046086654,0.60207015,0.09331688,-0.048295096,0.7401927,0.34846848,-0.050537568,0.91143155,0.5825207
-0.047528572,0.005700836,-0.06498787,-0.10047707,0.009800644,-0.15570068,-0.17233828,-0.39164364,-0.18683715,-0.09396881,-0.7557041,-0.27836594,0.011626396,0.0021988677,0.025030823,0.04376709,-0.3904159,0.1401075,0.16686508,-0.7549242,0.03520569,-0.043744583,0.0920298,-0.06869385,-0.050202027,0.2836107,-0.08025223,-0.06935974,0.41778922,-0.09524246,-0.115711406,0.61372834,-0.1316565,-0.1257308,0.6857298,-0.15014374,-0.12823056,0.75650907,-0.17482834,-0.10807766,0.54701173,-0.1505899,-0.14959654,0.5032823,-0.3295575,-0.09055679,0.3060586,-0.5340533,-0.35159242,0.22151512,-0.62929535,-0.09624348,0.56125623,-0.09054329,-0.047513887,0.6020198,0.08743408,-0.05245163,0.74406844,0.3403623,-0.055889662,0.91768813,0.5726373
-0.048781242,0.0053169252,-0.067227475,-0.10112102,0.0095147705,-0.15839905,-0.17325594,-0.39195716,-0.1875772,-0.09403092,-0.75566447,-0.2783951,0.009821586,0.001943512,0.023275834,0.043280754,-0.3904283,0.13881004,0.16681556,-0.75492316,0.035208434,-0.044951554,0.09156738,-0.071157224,-0.05114109,0.28307524,-0.08329712,-0.06996685,0.41719773,-0.09877121,-0.11577006,0.6130821,-0.136147,-0.12557821,0.6850206,-0.15498,-0.12784415,0.7556883,-0.17999527,-0.10814705,0.54631746,-0.15477417,-0.14928138,0.50199246,-0.33367157,-0.09298557,0.3030735,-0.5373018,-0.3556781,0.22188996,-0.6307652,-0.09663956,0.5606934,-0.0947493,-0.04823681,0.6018625,0.08323646,-0.0549913,0.7466411,0.33456743,-0.059395485,0.92205614,0.56547654
-0.050853882,0.0048501585,-0.07055565,-0.10349636,0.0092659,-0.16236542,-0.17369685,-0.3926548,-0.18852554,-0.094120026,-0.75563896,-0.27843553,0.007547951,0.0017334748,0.020754851,0.042324446,-0.39044207,0.13666397,0.1666851,-0.75498855,0.03513832,-0.046848565,0.09096687,-0.07487625,-0.052536085,0.28236306,-0.08795364,-0.070751876,0.41640708,-0.10427292,-0.11576338,0.6121672,-0.14319153,-0.12523241,0.683999,-0.16257888,-0.12706695,0.75448364,-0.18812515,-0.10809974,0.5454094,-0.16133805,-0.14903182,0.49970627,-0.33995256,-0.096970364,0.29855904,-0.5422832,-0.3624766,0.22350502,-0.6323578,-0.097121775,0.5599199,-0.10130951,-0.049219247,0.6018767,0.07659485,-0.05851986,0.7505365,0.32555154,-0.06441543,0.9288443,0.55419445
-0.052650873,0.0046012118,-0.07309494,-0.10593258,0.009095536,-0.16499344,-0.17402788,-0.393252,-0.18949173,-0.09415299,-0.75565284,-0.2784598,0.0058994293,0.0017689514,0.018982774,0.04134243,-0.39041352,0.13470337,0.16659111,-0.7549839,0.035077896,-0.04851143,0.090617985,-0.07782013,-0.053706817,0.28192925,-0.091775745,-0.07128143,0.4159243,-0.10895447,-0.115369014,0.6115767,-0.14940003,-0.12447586,0.68330705,-0.16932099,-0.12590653,0.75361615,-0.19536439,-0.10776455,0.5448555,-0.16706589,-0.14842138,0.49766007,-0.34535995,-0.100379676,0.2944918,-0.54666,-0.36878258,0.22619385,-0.63314956,-0.09713921,0.5594954,-0.10710342,-0.049740028,0.6020822,0.07079094,-0.061137468,0.7537254,0.31783852,-0.0684729,0.93472916,0.54430497
-0.053217314,0.0045117186,-0.073862456,-0.10645275,0.0089769745,-0.16564484,-0.174387,-0.39340165,-0.18991669,-0.09416355,-0.7556359,-0.27846345,0.0053081894,0.001791687,0.018422317,0.041049577,-0.39038846,0.13409515,0.1665824,-0.7549845,0.035071947,-0.049049187,0.09049553,-0.07876816,-0.054037515,0.28177246,-0.09308136,-0.07135692,0.41574356,-0.11059113,-0.11503662,0.6113707,-0.15158707,-0.12398779,0.68306047,-0.17171769,-0.1252557,0.7532877,-0.19798447,-0.10748181,0.54460555,-0.169059,-0.14804512,0.49699798,-0.3472676,-0.101532705,0.29321808,-0.54827726,-0.3710557,0.22778602,-0.63335633,-0.09698822,0.5593687,-0.10916214,-0.049752273,0.60219836,0.06870918,-0.06188282,0.75479597,0.3151223,-0.06981949,0.9367882,0.5407702
-0.054402124,0.004292679,-0.075121306,-0.1073111,0.008565369,-0.16648102,-0.1754181,-0.39376622,-0.1906662,-0.09418491,-0.75564927,-0.278479,0.0038975524,0.0018675994,0.017446976,0.040636864,-0.39027625,0.13301323,0.1665963,-0.7550205,0.035068206,-0.05011486,0.090205535,-0.08053116,-0.054527167,0.28138933,-0.09578186,-0.07121658,0.41529626,-0.11406372,-0.11389452,0.61088073,-0.15629776,-0.122428246,0.6824641,-0.1769545,-0.12321054,0.75245374,-0.20385101,-0.10643612,0.54395556,-0.17333862,-0.14688812,0.49559188,-0.35140702,-0.10400471,0.29095796,-0.55221117,-0.37616104,0.2328312,-0.6338211,-0.096276395,0.5590718,-0.11363281,-0.049300462,0.60253936,0.06412742,-0.06303699,0.7569951,0.30926308,-0.07272713,0.94117326,0.5330497
-0.05492321,0.0042132568,-0.07555458,-0.10775833,0.0083255,-0.1667778,-0.17599705,-0.393984,-0.19078903,-0.0941911,-0.75565153,-0.27850142,0.0031681443,0.0019774628,0.017214203,0.040607225,-0.39018822,0.1325119,0.16663189,-0.7550792,0.03505989,-0.050512582,0.0900946,-0.08128342,-0.054565925,0.28123322,-0.097102664,-0.07087654,0.41511482,-0.115811154,-0.11305538,0.6106808,-0.1586409,-0.12135574,0.682205,-0.17958343,-0.12183347,0.7520601,-0.20683822,-0.10564167,0.54371077,-0.17550156,-0.14598379,0.4948369,-0.35346374,-0.10525288,0.28995812,-0.5545531,-0.37896,0.23625137,-0.63393205,-0.095611036,0.5589241,-0.11588089,-0.04873165,0.6028107,0.061808623,-0.063296124,0.75803405,0.30639327,-0.07428627,0.94334394,0.5291817
-0.055673067,0.004197464,-0.07605889,-0.10878678,0.007988662,-0.16737182,-0.17694665,-0.39436856,-0.19044754,-0.09419224,-0.7556062,-0.2784819,0.0021244811,0.002258911,0.0171138,0.04084652,-0.3899855,0.13170731,0.16671357,-0.7551907,0.03505356,-0.051062394,0.09005028,-0.08233749,-0.054451752,0.28113678,-0.09918884,-0.069933966,0.415022,-0.1187056,-0.11089825,0.6106093,-0.16261093,-0.11868895,0.68203765,-0.18405746,-0.11853853,0.7516591,-0.21190964,-0.10371124,0.5436113,-0.1791214,-0.14406624,0.49362075,-0.35683715,-0.10740318,0.28900436,-0.5587975,-0.38388747,0.2442791,-0.6336977,-0.09385559,0.5589265,-0.11961136,-0.047308464,0.6034001,0.05801361,-0.06293808,0.7596646,0.30183557,-0.07677319,0.94685197,0.5228819
-0.0561417,0.004236374,-0.07606087,-0.10976295,0.007848587,-0.16774185,-0.1770929,-0.39468902,-0.18996872,-0.09418705,-0.755654,-0.27842057,0.0017101287,0.0024557495,0.017221833,0.041042212,-0.3898307,0.13148719,0.16674957,-0.7552582,0.035052568,-0.05140873,0.090070575,-0.08264061,-0.05432621,0.2811136,-0.100210726,-0.069247626,0.41499978,-0.1201944,-0.10924793,0.61063784,-0.16477539,-0.116663724,0.682021,-0.18650772,-0.1161058,0.7515239,-0.21465835,-0.10226032,0.5435713,-0.18104859,-0.14262654,0.4931485,-0.3586679,-0.108425945,0.2890422,-0.56167924,-0.3867215,0.25071403,-0.6333943,-0.09255695,0.55897444,-0.1215889,-0.046240386,0.60368013,0.056050796,-0.061931342,0.7603514,0.29960206,-0.077836186,0.9484822,0.5197133
-0.056398164,0.004290161,-0.07578598,-0.11043754,0.007749634,-0.16756195,-0.17690872,-0.39493644,-0.1896228,-0.094170876,-0.7556956,-0.27838424,0.0015793609,0.002634964,0.01745346,0.04129524,-0.38966838,0.13156646,0.16676587,-0.75526357,0.035062484,-0.051546518,0.09010704,-0.0826535,-0.054118194,0.28111306,-0.10080017,-0.068634264,0.41499695,-0.12110382,-0.108008996,0.6106728,-0.16609009,-0.11515269,0.68202573,-0.18800735,-0.11426268,0.75143933,-0.21637344,-0.10114265,0.5435513,-0.1822229,-0.14156006,0.49288177,-0.3597905,-0.109101295,0.28949586,-0.5638048,-0.38866702,0.25629,-0.63304794,-0.09156731,0.5590213,-0.12279053,-0.04543209,0.6038402,0.05486763,-0.060816612,0.7606389,0.2983513,-0.07828907,0.94929975,0.5178925
-0.05649273,0.0043966677,-0.07502068,-0.11094669,0.0076075746,-0.1666127,-0.17645827,-0.39520264,-0.1893071,-0.09414337,-0.7557381,-0.2783455,0.001627388,0.0028930665,0.018048858,0.04183197,-0.38944355,0.13196754,0.16677947,-0.7552755,0.03507202,-0.051529236,0.09020256,-0.08234459,-0.053701326,0.28116852,-0.1012645,-0.06770012,0.41506088,-0.12198074,-0.1063089,0.61079425,-0.16738693,-0.11309257,0.6821155,-0.18951125,-0.11171833,0.75141925,-0.21812378,-0.09959183,0.5436348,-0.18338837,-0.1401634,0.4925786,-0.36087692,-0.10998177,0.29048797,-0.5663721,-0.3910917,0.26449996,-0.6321939,-0.09013428,0.5591452,-0.123976134,-0.04418957,0.60401,0.05373604,-0.058914527,0.7606168,0.29738006,-0.07839374,0.94975966,0.516341
-0.05635334,0.004510727,-0.07391701,-0.11124771,0.0074787904,-0.16498032,-0.17585748,-0.39539307,-0.1890387,-0.09410885,-0.75577235,-0.27832505,0.0017627716,0.0030924224,0.01887291,0.042508125,-0.38926706,0.13264695,0.16678788,-0.7552673,0.03508415,-0.05141075,0.09032013,-0.08164246,-0.053319205,0.28124696,-0.10123886,-0.066807896,0.4151425,-0.122343905,-0.10456249,0.6109589,-0.16811813,-0.11096386,0.682256,-0.1904277,-0.10910095,0.7514619,-0.21925308,-0.09806534,0.54375213,-0.18400757,-0.13879476,0.49246186,-0.36142775,-0.11074597,0.2916401,-0.5686127,-0.39332008,0.27365997,-0.6308545,-0.088604815,0.5593297,-0.12461655,-0.042740095,0.6040453,0.05316315,-0.056656264,0.7600754,0.29722694,-0.07796368,0.9494873,0.5157934
-0.056074295,0.0045812987,-0.072618105,-0.111503676,0.0073441314,-0.16325821,-0.17522559,-0.39557835,-0.18848556,-0.09406021,-0.7557809,-0.27830657,0.0020559693,0.0032455444,0.019909134,0.043256875,-0.38914922,0.13347968,0.16680999,-0.75525254,0.03510559,-0.05124523,0.090399325,-0.08062607,-0.052982483,0.2812886,-0.10073334,-0.06593143,0.4151787,-0.122170866,-0.10280201,0.6110936,-0.16825104,-0.10880112,0.6823665,-0.19073594,-0.10642456,0.7514589,-0.21978973,-0.09655674,0.5437805,-0.18403809,-0.13761549,0.49253327,-0.36147645,-0.11164806,0.2933758,-0.5704057,-0.395387,0.28409326,-0.6291533,-0.08709053,0.55946714,-0.124667205,-0.041057054,0.603878,0.05317436,-0.054138564,0.7591014,0.2978031,-0.07706314,0.94857633,0.5161591
-0.055596847,0.0045945738,-0.07077332,-0.111891896,0.007183914,-0.16124679,-0.17455767,-0.39583915,-0.18728958,-0.094018094,-0.7558111,-0.2782834,0.0026060485,0.0033452606,0.021612626,0.044180907,-0.38916892,0.13478751,0.16685845,-0.75525266,0.035131227,-0.050929185,0.09045052,-0.07885048,-0.0525396,0.28131226,-0.09932373,-0.06480969,0.41520882,-0.12111282,-0.10062256,0.6111943,-0.16773911,-0.106136665,0.6824286,-0.19047119,-0.1031604,0.7513823,-0.21980804,-0.09458115,0.54378784,-0.18336914,-0.13620259,0.49225113,-0.36061203,-0.11334898,0.29577407,-0.572518,-0.39820158,0.29830772,-0.62654525,-0.08522934,0.55961365,-0.1240184,-0.03883774,0.6037471,0.053810958,-0.05039898,0.7573459,0.29954597,-0.07518376,0.94659543,0.51790977
-0.055380974,0.0045733643,-0.069949724,-0.11208477,0.0071173096,-0.16034806,-0.17438225,-0.39594272,-0.18676147,-0.09400341,-0.7558358,-0.27827576,0.0028691865,0.0033227538,0.022387391,0.04453228,-0.38924277,0.13539879,0.16687603,-0.7552603,0.03513443,-0.050759584,0.0904541,-0.07800148,-0.052310828,0.2813179,-0.09855362,-0.06430611,0.4152231,-0.12047791,-0.099727556,0.6112257,-0.1673346,-0.10506016,0.6824429,-0.19016342,-0.10185166,0.75134474,-0.21959916,-0.093757056,0.54379165,-0.18289353,-0.13567974,0.49201873,-0.36002257,-0.11429718,0.2968457,-0.5731468,-0.39940074,0.30448782,-0.62533784,-0.08445252,0.5596602,-0.12354675,-0.037911035,0.60373044,0.054269105,-0.048699874,0.7565117,0.30055183,-0.07418537,0.9455266,0.5190437
-0.054977607,0.0044699097,-0.0677372,-0.11298012,0.006984787,-0.15798965,-0.17424923,-0.39619988,-0.185197,-0.09398052,-0.75583136,-0.27826035,0.0037279893,0.00308815,0.024347305,0.0454208,-0.3895623,0.1370964,0.16693924,-0.7553133,0.035150148,-0.05040695,0.090426944,-0.07563461,-0.05165638,0.2813256,-0.0962767,-0.06292599,0.4152807,-0.11849274,-0.097240105,0.611347,-0.16589402,-0.10210399,0.68252444,-0.1889502,-0.098349534,0.75130033,-0.21861267,-0.09154251,0.5438385,-0.18123703,-0.13428695,0.49136886,-0.35805482,-0.11720678,0.29983026,-0.5742525,-0.40237558,0.32117036,-0.6220532,-0.082268946,0.55985457,-0.12196213,-0.035420343,0.6035622,0.055894088,-0.04402668,0.75390106,0.30378264,-0.07094223,0.94183916,0.5230468
-0.05477936,0.004368973,-0.06614563,-0.11349585,0.006850815,-0.15641357,-0.17446093,-0.39635485,-0.18421584,-0.09398068,-0.7558458,-0.2782724,0.00437191,0.0029010773,0.025660172,0.045916826,-0.3898194,0.13827881,0.1669796,-0.7553733,0.03516182,-0.05024452,0.0903682,-0.073951796,-0.05120594,0.28127655,-0.09470627,-0.06203289,0.4152629,-0.117061615,-0.095579185,0.61138505,-0.16477737,-0.10014141,0.6825404,-0.18796737,-0.09606869,0.7512442,-0.21775864,-0.09011627,0.5437947,-0.17995712,-0.13330752,0.4909616,-0.3565451,-0.119172856,0.3017024,-0.5748613,-0.40406245,0.33176446,-0.61990404,-0.080784604,0.5599704,-0.120776825,-0.033745423,0.6033635,0.05709877,-0.04088257,0.7518385,0.3061634,-0.06837505,0.93894804,0.5260783
-0.054303896,0.004186401,-0.06285118,-0.113994144,0.0065129087,-0.15303054,-0.1749812,-0.39655438,-0.18283066,-0.09400654,-0.7558022,-0.2783116,0.005574951,0.0026937865,0.028401718,0.046718102,-0.39021793,0.14046676,0.16703926,-0.7553536,0.0352063,-0.049906272,0.09024368,-0.07058792,-0.05048443,0.2811429,-0.09165764,-0.06050007,0.41515756,-0.11426239,-0.09266693,0.6113733,-0.16253723,-0.096690066,0.68248415,-0.18596344,-0.0920351,0.7510504,-0.21598053,-0.08770637,0.543654,-0.17746475,-0.1320516,0.4903717,-0.35372177,-0.122904755,0.30540618,-0.5754784,-0.40654948,0.35041374,-0.61580247,-0.07817333,0.55998415,-0.1183725,-0.030499611,0.60280836,0.059516907,-0.034839556,0.74751633,0.31086266,-0.063260615,0.93344206,0.53167844
-0.053799402,0.0039057923,-0.058783036,-0.114694595,0.006041336,-0.14842498,-0.17520848,-0.3968488,-0.18139756,-0.09406799,-0.7557575,-0.27837327,0.0068209455,0.0024977876,0.031856917,0.04761463,-0.3906952,0.14316955,0.1670953,-0.7553293,0.035248335,-0.04959656,0.09000992,-0.06655945,-0.049882356,0.280892,-0.088048555,-0.05903,0.41491157,-0.110966794,-0.08974079,0.61123306,-0.15976776,-0.09321037,0.68230546,-0.18340683,-0.087967336,0.7507561,-0.21359558,-0.0852766,0.54346514,-0.17451507,-0.13122341,0.48942155,-0.35013732,-0.12760693,0.30871353,-0.5754521,-0.40895393,0.36968842,-0.61088485,-0.07553761,0.5597894,-0.115398556,-0.026767083,0.60210633,0.062327806,-0.02717453,0.7424518,0.31618035,-0.056885567,0.92732835,0.53772384
-0.053672448,0.0037561036,-0.056973573,-0.11514271,0.005821915,-0.14633895,-0.17522846,-0.3970074,-0.18074097,-0.09409752,-0.7557465,-0.27839768,0.0073241806,0.0023931884,0.033393096,0.04794426,-0.3909216,0.14434876,0.16712612,-0.75531524,0.035269774,-0.04952751,0.089871906,-0.06479202,-0.049658354,0.28074324,-0.08647392,-0.05843933,0.41476586,-0.10952774,-0.0885469,0.6111339,-0.15852204,-0.091790125,0.68219393,-0.18223342,-0.086305924,0.75060534,-0.2124704,-0.084315106,0.54333955,-0.17319016,-0.13108607,0.4889801,-0.34851196,-0.12976903,0.31008622,-0.5751915,-0.40985206,0.37768516,-0.6086096,-0.07446659,0.5596721,-0.114073336,-0.025080604,0.60173297,0.06356163,-0.023644943,0.740255,0.31842232,-0.053923532,0.9245763,0.5403589
-0.053302422,0.0032894134,-0.052188873,-0.116315864,0.005204544,-0.1409381,-0.17551151,-0.3974439,-0.178694,-0.0942218,-0.75566465,-0.27848297,0.0087257,0.0020619964,0.037418365,0.048607063,-0.3915813,0.1474234,0.16722058,-0.75525284,0.035347365,-0.049306795,0.08941765,-0.060109712,-0.049037628,0.2802416,-0.08225716,-0.05688446,0.41426697,-0.105654605,-0.08538765,0.6107568,-0.15512955,-0.08804699,0.68179154,-0.1790033,-0.08196339,0.75011945,-0.20931824,-0.08181301,0.54280394,-0.1695401,-0.13125204,0.4876773,-0.34393921,-0.13598113,0.31351608,-0.5738237,-0.41178522,0.39858612,-0.6024472,-0.07157738,0.5593385,-0.11052567,-0.020316582,0.60065675,0.06680786,-0.0139931105,0.7341595,0.324301,-0.04534851,0.9166657,0.5476065
-0.05304245,0.0029937744,-0.049124908,-0.116930105,0.0047813416,-0.13759293,-0.17599888,-0.3977284,-0.17719741,-0.09430363,-0.75561976,-0.27850646,0.009741173,0.0019320679,0.04012146,0.048845865,-0.39203557,0.14927712,0.16728137,-0.7551327,0.035424117,-0.04916588,0.089112625,-0.057098847,-0.048622627,0.27989167,-0.07952721,-0.05588276,0.41389984,-0.1031366,-0.08329697,0.61046827,-0.15292084,-0.08556893,0.68148863,-0.17688781,-0.07910534,0.7497728,-0.20722885,-0.08010441,0.54241073,-0.1672049,-0.13168715,0.48655534,-0.34073043,-0.14061688,0.31490585,-0.572476,-0.41294783,0.41137534,-0.59847105,-0.06967388,0.5590895,-0.10821823,-0.017083205,0.5999791,0.06881554,-0.007530174,0.73002535,0.32799003,-0.03931839,0.91143036,0.5521542
-0.05245144,0.002673874,-0.04342659,-0.11780827,0.0041096495,-0.13171722,-0.17689794,-0.3981488,-0.17410614,-0.09448124,-0.7555314,-0.27849534,0.011916504,0.0020588683,0.045471344,0.049060363,-0.39276904,0.15203185,0.16738693,-0.7548021,0.03561783,-0.048898123,0.08876938,-0.051489104,-0.04786091,0.27945396,-0.074486315,-0.054028396,0.41341498,-0.09854904,-0.07929348,0.61008406,-0.14903793,-0.08078274,0.6810556,-0.17320953,-0.07351665,0.749227,-0.20360795,-0.07701748,0.5418977,-0.16309768,-0.13303217,0.4849211,-0.33496308,-0.14941813,0.31793565,-0.56941223,-0.41508374,0.43211135,-0.5910092,-0.06594795,0.55877286,-0.10414581,-0.010790825,0.5985083,0.072431184,0.0046676253,0.72227174,0.33440873,-0.028071823,0.9018924,0.5598925
-0.051331673,0.00258461,-0.037144013,-0.11843672,0.003424225,-0.12509888,-0.17784008,-0.3985511,-0.17049012,-0.094602436,-0.7554739,-0.27836365,0.015157776,0.002517395,0.0512323,0.049310226,-0.3933483,0.15489784,0.16742676,-0.7543099,0.035847627,-0.04829132,0.08871109,-0.045156326,-0.046881218,0.27931243,-0.06877609,-0.05188263,0.4132113,-0.09346878,-0.07476067,0.60985154,-0.14516479,-0.07538677,0.6807297,-0.16965698,-0.0672134,0.74877775,-0.20009887,-0.07359924,0.5414679,-0.15877457,-0.13441958,0.48358613,-0.32870042,-0.15995668,0.32098448,-0.5655092,-0.41827172,0.45159897,-0.5828337,-0.061663285,0.5588176,-0.09998642,-0.003777237,0.59684527,0.07607994,0.018844415,0.7130206,0.34100714,-0.015107575,0.89074844,0.5678329
-0.050710145,0.0026151275,-0.034613494,-0.1187019,0.0031498717,-0.12235275,-0.17827445,-0.39870986,-0.16892487,-0.094625205,-0.755443,-0.27825943,0.016585084,0.0027093505,0.053216934,0.049560737,-0.39342937,0.15618972,0.16741444,-0.75405,0.03596283,-0.04782585,0.08878998,-0.04253769,-0.04628662,0.27937913,-0.06641113,-0.050830267,0.4132647,-0.09140884,-0.072941475,0.6098143,-0.14376312,-0.07326718,0.68063736,-0.16842179,-0.06471722,0.74863726,-0.1988655,-0.072233394,0.54137194,-0.15710251,-0.13520938,0.4830281,-0.32609925,-0.16486353,0.32224196,-0.5636641,-0.41990578,0.45922118,-0.57931566,-0.059828643,0.55894655,-0.098414615,-0.0007106018,0.5960445,0.07745491,0.025030518,0.70878905,0.3435881,-0.009518509,0.8857379,0.5709393
-0.048819695,0.0027436065,-0.028606033,-0.11903765,0.0023522186,-0.11581604,-0.1799597,-0.39917076,-0.16463593,-0.09471645,-0.75544953,-0.27786773,0.020020066,0.0032204436,0.057621993,0.050873604,-0.3933186,0.15951027,0.16733573,-0.75328314,0.03630882,-0.046052016,0.08906098,-0.036345597,-0.044121437,0.27963388,-0.0608461,-0.04764141,0.41347894,-0.0865448,-0.06849823,0.6098053,-0.14022416,-0.06824265,0.68050003,-0.16523667,-0.05879261,0.7483722,-0.19569534,-0.06884647,0.5412128,-0.15291305,-0.13800457,0.48164916,-0.31913224,-0.1792729,0.325632,-0.55799776,-0.42522895,0.4781186,-0.57052535,-0.055051003,0.5592493,-0.09452881,0.0076065063,0.5935445,0.08076027,0.04158947,0.6971815,0.34969652,0.00539505,0.8722423,0.5782588
-0.046864282,0.0028967285,-0.024155807,-0.11946327,0.0017704773,-0.111170806,-0.18180732,-0.39963543,-0.16049057,-0.09481445,-0.75539446,-0.27741164,0.023246728,0.0038316345,0.06114479,0.052330397,-0.39308158,0.16187935,0.1672733,-0.7525345,0.036647186,-0.044068184,0.08930824,-0.031756364,-0.041876182,0.27986076,-0.056599654,-0.044798736,0.41363472,-0.08275047,-0.06498173,0.6098216,-0.13723297,-0.06434593,0.68042403,-0.16248901,-0.05420784,0.7481868,-0.1929782,-0.06602116,0.54105574,-0.14947784,-0.14068478,0.4803862,-0.3128682,-0.1933774,0.32920343,-0.55276245,-0.4319807,0.49311647,-0.56329864,-0.051016845,0.559489,-0.09137688,0.014787903,0.5912993,0.0832254,0.055779725,0.6867889,0.3542211,0.018294564,0.86056364,0.58357215
-0.04457573,0.003162613,-0.019699555,-0.11891798,0.0011888123,-0.10662155,-0.18378848,-0.39995953,-0.1558197,-0.0949905,-0.7550763,-0.27684036,0.02701027,0.0045918273,0.06439774,0.05372196,-0.39269334,0.16397819,0.16725807,-0.7516583,0.03708656,-0.04153061,0.08965492,-0.027158432,-0.038940582,0.28016976,-0.052374344,-0.04153591,0.4138459,-0.07892571,-0.061642304,0.60979444,-0.13434708,-0.060739517,0.6802786,-0.15989822,-0.04983139,0.74791044,-0.19041122,-0.06349137,0.54088837,-0.1460205,-0.14408094,0.47958115,-0.3064566,-0.20899235,0.3340909,-0.5468422,-0.439867,0.5082458,-0.55499023,-0.046732176,0.5596051,-0.088353805,0.022894554,0.5887811,0.0852948,0.07079941,0.67570525,0.35807517,0.031943932,0.8482767,0.5880964
-0.041577455,0.0035572816,-0.015235519,-0.11720207,0.00065063476,-0.101351015,-0.18606931,-0.39998814,-0.15069228,-0.09528171,-0.7541871,-0.2760382,0.03164959,0.005417328,0.06714416,0.055436287,-0.392136,0.16612464,0.167193,-0.7506303,0.037579726,-0.0380056,0.090123065,-0.022662276,-0.034988213,0.28058732,-0.04836937,-0.037624665,0.41416413,-0.075242996,-0.058697585,0.609787,-0.13151886,-0.057773743,0.6801503,-0.15736145,-0.046121903,0.7476857,-0.18782777,-0.061219443,0.5407486,-0.14260894,-0.14726639,0.47927916,-0.30018294,-0.22646818,0.33944032,-0.53988665,-0.44960326,0.52391726,-0.5452434,-0.04253292,0.55985475,-0.08543342,0.031529084,0.5864357,0.08678863,0.08695923,0.6641965,0.36093307,0.046610184,0.83530563,0.591794
-0.039026413,0.0039374544,-0.012052383,-0.11621313,0.000511322,-0.09698349,-0.18764453,-0.39970544,-0.14692459,-0.09555676,-0.75326234,-0.27530122,0.03558052,0.006075363,0.06887184,0.05699642,-0.3916144,0.16764244,0.16711335,-0.7498586,0.03793709,-0.03493111,0.090510406,-0.019699631,-0.031612433,0.28092605,-0.045797274,-0.034526978,0.41444024,-0.07275315,-0.05674347,0.6099347,-0.12909806,-0.055910643,0.6802539,-0.15502152,-0.04371849,0.7477443,-0.18538132,-0.05981457,0.54086107,-0.1398465,-0.1502174,0.4796399,-0.29511824,-0.24078478,0.34431,-0.5334259,-0.45736834,0.53637236,-0.5367473,-0.03931229,0.5600682,-0.08321449,0.03852337,0.5845917,0.08765739,0.09974079,0.6553326,0.3625228,0.058118936,0.825116,0.5941388
-0.0344857,0.004709625,-0.0075172423,-0.114111386,0.0006803894,-0.0896566,-0.18962137,-0.39873642,-0.14087982,-0.096169546,-0.7511859,-0.27395707,0.04292877,0.007450485,0.071051404,0.060235903,-0.39049247,0.16919784,0.16700073,-0.7485619,0.038595427,-0.029732667,0.0911412,-0.016118774,-0.025947724,0.2814579,-0.042776335,-0.029465523,0.41494134,-0.069436416,-0.053116646,0.61081284,-0.12394684,-0.052307397,0.68123215,-0.14951156,-0.03920151,0.74872404,-0.17949021,-0.057434198,0.5417912,-0.13468948,-0.15575777,0.48124254,-0.2854924,-0.26702228,0.35381103,-0.51916474,-0.47065452,0.5594597,-0.51909316,-0.033439215,0.5605005,-0.07908981,0.051096726,0.58123416,0.08914215,0.12218975,0.64090806,0.36431617,0.078184664,0.8081313,0.5973663
-0.031568184,0.0053990935,-0.0053016664,-0.11269528,0.0011449433,-0.08525192,-0.1901215,-0.3978756,-0.13716294,-0.096535414,-0.7495341,-0.27306962,0.047958985,0.00855133,0.07188072,0.06280842,-0.38955548,0.16943489,0.16694957,-0.7477313,0.039017104,-0.026651153,0.09170647,-0.014553756,-0.022669526,0.28196648,-0.041400984,-0.026448326,0.4155118,-0.06768173,-0.050495796,0.61184585,-0.120337985,-0.049573936,0.68241423,-0.14543778,-0.035981826,0.74993867,-0.17513458,-0.05570965,0.54308164,-0.13138428,-0.15900248,0.48233825,-0.27873015,-0.28480017,0.35985106,-0.50774294,-0.47895634,0.5749916,-0.5058417,-0.029507026,0.5611281,-0.07638496,0.059074707,0.57915723,0.09004769,0.13628688,0.63249266,0.3649021,0.09056709,0.79795927,0.59890383
-0.026427498,0.0071102907,-0.0025876618,-0.11052124,0.0028630828,-0.07825348,-0.18956879,-0.39576137,-0.13100983,-0.09694637,-0.74648637,-0.27147904,0.05669449,0.010665588,0.07174706,0.068238676,-0.38758308,0.16880508,0.16690929,-0.74641854,0.039651718,-0.021472435,0.09322868,-0.012572784,-0.017299958,0.28344613,-0.039130174,-0.02119915,0.41720864,-0.064323574,-0.045580138,0.6143651,-0.11366272,-0.044349596,0.6852133,-0.13787262,-0.029863587,0.7527959,-0.167005,-0.052577246,0.5459976,-0.12509155,-0.16570082,0.4853888,-0.26517305,-0.31733564,0.3724057,-0.48275146,-0.4913669,0.60383546,-0.47942552,-0.02222889,0.56281525,-0.07163154,0.07393349,0.5755551,0.091116026,0.16048913,0.61836123,0.36507615,0.111065865,0.7802789,0.60083765
-0.021219712,0.009489899,-0.0010147857,-0.10814175,0.0055791475,-0.07145569,-0.1872124,-0.3929351,-0.12515914,-0.09699528,-0.7432355,-0.26978043,0.06616188,0.013014526,0.069375075,0.074650995,-0.38517368,0.16655692,0.16695546,-0.7450406,0.04015976,-0.016780777,0.09550293,-0.011173401,-0.012544976,0.28578225,-0.036694948,-0.016093291,0.41978058,-0.06037544,-0.039527703,0.6179799,-0.10576767,-0.03769726,0.6891596,-0.12889344,-0.022313004,0.7568411,-0.15733108,-0.04865059,0.5499011,-0.117411345,-0.1721079,0.49069244,-0.24905472,-0.3523967,0.38988152,-0.4501213,-0.5023751,0.638161,-0.44872177,-0.014650993,0.56557024,-0.06587975,0.09065205,0.57288057,0.09143707,0.18596104,0.60351545,0.36416274,0.13197495,0.76102084,0.6019676
-0.01918831,0.01053482,-0.00065101625,-0.10708096,0.006704483,-0.06854973,-0.18585701,-0.3917912,-0.123184204,-0.09699303,-0.74201995,-0.26920182,0.07009022,0.014012299,0.06779991,0.07752895,-0.38411367,0.16515282,0.16703922,-0.74451935,0.04030281,-0.01525158,0.09654907,-0.010679398,-0.011049347,0.28688782,-0.03552101,-0.014273491,0.4209897,-0.058478087,-0.036480024,0.6197049,-0.10211777,-0.034223672,0.6910251,-0.124763034,-0.018488731,0.758746,-0.15290879,-0.04675453,0.5517781,-0.11378403,-0.1747059,0.49365112,-0.24150819,-0.36624488,0.3988028,-0.43480393,-0.50578576,0.65309644,-0.4357158,-0.011251335,0.5668428,-0.06327713,0.097885855,0.57181364,0.09148171,0.19646679,0.59726655,0.36357552,0.14049447,0.7527112,0.60227615
-0.015227318,0.012932816,-0.00032958985,-0.10478676,0.009333267,-0.06273903,-0.18260397,-0.3891035,-0.119759366,-0.09719357,-0.7400315,-0.26830003,0.07775929,0.016318511,0.06349533,0.08412983,-0.38166714,0.1612854,0.16736744,-0.74358284,0.04050438,-0.012510452,0.09895386,-0.009798736,-0.008464089,0.28942016,-0.032906264,-0.010808144,0.42372376,-0.054101333,-0.029880753,0.6235228,-0.09396927,-0.026582642,0.6951015,-0.11562912,-0.010021477,0.7628217,-0.14327759,-0.042832833,0.5560561,-0.10554718,-0.17967258,0.50059664,-0.2249025,-0.39256427,0.42001542,-0.4010382,-0.51042444,0.68461776,-0.40901244,-0.0041202162,0.5694179,-0.05751976,0.11276123,0.5694237,0.09154335,0.21776901,0.58457106,0.36196166,0.15773194,0.7359662,0.60223126
-0.011613045,0.01568657,-0.00045928956,-0.10260811,0.012384186,-0.05745323,-0.17835404,-0.38609236,-0.11711945,-0.09760265,-0.73834336,-0.26770142,0.084691316,0.019071197,0.057885744,0.091873206,-0.37875584,0.15572768,0.16794342,-0.74267524,0.04072693,-0.010254402,0.10170334,-0.00912323,-0.0064260866,0.29231048,-0.030170212,-0.007676506,0.42679116,-0.049284972,-0.022913285,0.62771314,-0.084814,-0.018379746,0.69952697,-0.10540985,-0.00086856843,0.7671646,-0.13266373,-0.038765375,0.56084853,-0.096336976,-0.18310241,0.5079147,-0.20760483,-0.41724712,0.44550264,-0.36345336,-0.511782,0.71930146,-0.38105607,0.0030069733,0.57225615,-0.05079132,0.12795612,0.5670068,0.09142151,0.2394574,0.5711438,0.3596279,0.17516792,0.71903807,0.6010008
-0.0082959365,0.018745728,-0.00088287354,-0.100704536,0.01556549,-0.051965866,-0.17295212,-0.38300788,-0.11593292,-0.09801681,-0.7372978,-0.2674246,0.091335796,0.022243652,0.0513533,0.09998581,-0.37562665,0.14877182,0.16871856,-0.7418076,0.04106041,-0.008558044,0.1048172,-0.00828682,-0.005087471,0.2956057,-0.026824875,-0.004891968,0.43029952,-0.04366371,-0.015270233,0.6322223,-0.07485733,-0.009243355,0.7042075,-0.094413,0.009316978,0.7716812,-0.12135101,-0.034450952,0.5661215,-0.086306915,-0.18648146,0.5165187,-0.18832351,-0.43848592,0.47577515,-0.32174423,-0.5096123,0.7551642,-0.3518068,0.010634155,0.5752226,-0.043474425,0.14390858,0.5642482,0.090748824,0.2608371,0.5563686,0.35654312,0.192313,0.70072097,0.5987847
-0.006168938,0.021298446,-0.0016895294,-0.09965088,0.018129425,-0.04784073,-0.16806562,-0.38049695,-0.1161058,-0.098360024,-0.7365881,-0.267314,0.09568718,0.024851685,0.04574898,0.10646725,-0.37303084,0.14274032,0.16947411,-0.7410998,0.041401215,-0.0077770613,0.107479475,-0.007723923,-0.0046564485,0.29847068,-0.023848953,-0.0031172943,0.43336374,-0.039023515,-0.009200211,0.6359199,-0.06695625,-0.0019111633,0.7079889,-0.08574921,0.017437058,0.77530867,-0.1125,-0.030833358,0.57064134,-0.07858131,-0.18864326,0.52347547,-0.17236695,-0.45236152,0.5006136,-0.28709427,-0.5065433,0.78274703,-0.32738173,0.016340638,0.577791,-0.037504654,0.15585831,0.5623697,0.089873426,0.27629906,0.5445166,0.35369018,0.20536892,0.6862056,0.59677035
-0.0036381911,0.026216049,-0.0036284637,-0.098164596,0.02323784,-0.041445617,-0.16015147,-0.3749714,-0.11813309,-0.1000235,-0.73370886,-0.26729706,0.100925446,0.029572982,0.03653511,0.11465179,-0.36974746,0.13447998,0.17091201,-0.7397451,0.042040024,-0.007243881,0.11264214,-0.007134552,-0.0045138933,0.3041079,-0.018285828,-0.00056762696,0.43947572,-0.030436553,0.0011322785,0.64280486,-0.05243126,0.010598831,0.7149495,-0.06988365,0.03118496,0.78198534,-0.09639877,-0.024624862,0.57948625,-0.0649485,-0.19190136,0.5345773,-0.14210999,-0.4699166,0.54560274,-0.2218425,-0.4970893,0.8286383,-0.27923784,0.025723228,0.5828339,-0.026238328,0.17555046,0.5595306,0.0876889,0.30003625,0.522301,0.34765214,0.22733857,0.6598634,0.59262323
-0.0029707719,0.029486846,-0.0045983884,-0.09724129,0.02689537,-0.037962798,-0.1563607,-0.37074277,-0.12007706,-0.10251331,-0.73129785,-0.26743057,0.102835156,0.032489166,0.03212059,0.11830704,-0.36816868,0.13022117,0.17189845,-0.738816,0.042457733,-0.007340584,0.116054535,-0.006817093,-0.0043696593,0.30781692,-0.014925689,0.0010342025,0.44350874,-0.024890136,0.007171707,0.6471666,-0.04248718,0.017864915,0.7193495,-0.058965225,0.039184455,0.78618914,-0.08536614,-0.021315498,0.5852098,-0.055439834,-0.19372082,0.54144377,-0.12136749,-0.47295296,0.57395643,-0.18058503,-0.48927227,0.856111,-0.2452028,0.03142723,0.585916,-0.018880768,0.18673237,0.5569417,0.086290434,0.31303015,0.5072313,0.34337083,0.24024345,0.64266723,0.5893603
-0.0023424148,0.03584198,-0.006285324,-0.096251376,0.03390251,-0.032388687,-0.15091617,-0.36281386,-0.124094695,-0.1066087,-0.72656775,-0.26654875,0.10507805,0.038277436,0.024399262,0.13202836,-0.36037204,0.10881279,0.17349659,-0.73627037,0.04382126,-0.0069107055,0.12258103,-0.005977173,-0.0026269914,0.31475806,-0.0084997555,0.006240883,0.4510058,-0.012866974,0.017084464,0.65496093,-0.024852218,0.029218063,0.7271965,-0.040034104,0.051404268,0.79373413,-0.06649025,-0.016097182,0.59526,-0.03929802,-0.19553813,0.5528032,-0.08677688,-0.47810313,0.6232596,-0.10201828,-0.469492,0.90252393,-0.18005936,0.040311392,0.59179425,-0.005979385,0.20308399,0.55217254,0.08340607,0.3336306,0.48041505,0.33315194,0.26161698,0.6130512,0.58090013
-0.0024907684,0.04310776,-0.008507385,-0.097371176,0.041740038,-0.02797142,-0.15011045,-0.35491806,-0.12737548,-0.11093136,-0.72069,-0.26541093,0.106984675,0.044414673,0.016171036,0.13680176,-0.35535485,0.09582123,0.17470707,-0.7337199,0.04532509,-0.007274208,0.13006897,-0.0070079803,-0.0020749664,0.3224901,-0.0043238066,0.007594986,0.45917016,-0.00518013,0.024812393,0.6629707,-0.0075336457,0.038584672,0.7352565,-0.020606613,0.061850432,0.80162567,-0.04647087,-0.011646309,0.6057083,-0.021454545,-0.19533762,0.5657968,-0.051140748,-0.46616614,0.67052597,-0.0203862,-0.44374743,0.94765395,-0.10414795,0.047851868,0.5980525,0.007227173,0.21581498,0.5461243,0.07949402,0.35296118,0.4519336,0.31812623,0.28221893,0.5818605,0.56742686
-0.0029673004,0.04627693,-0.010449142,-0.098676376,0.045026705,-0.027005615,-0.15005466,-0.35156935,-0.12909026,-0.112956695,-0.71798575,-0.26521546,0.10758438,0.046898115,0.01287262,0.13774586,-0.35335144,0.090737306,0.17492424,-0.7326399,0.04580925,-0.0080933,0.13338509,-0.009363861,-0.0027845001,0.3257931,-0.0040789796,0.0062712096,0.46251747,-0.0039198305,0.02767704,0.66587174,0.0012053681,0.042398337,0.7381812,-0.010242691,0.06632427,0.8045313,-0.035523146,-0.009754867,0.60978925,-0.012093964,-0.19456476,0.5711841,-0.036306534,-0.45720127,0.68828523,0.014981079,-0.432304,0.9653737,-0.06868881,0.050925713,0.60032684,0.013401337,0.2201548,0.54350555,0.078855515,0.3605603,0.44006386,0.31167716,0.29079926,0.56887496,0.56179947
-0.003020363,0.054570388,-0.01588417,-0.099102974,0.05352356,-0.028059617,-0.13449766,-0.33909974,-0.14150971,-0.12063862,-0.7109791,-0.2662825,0.11020416,0.053158645,0.005278473,0.13945042,-0.3484127,0.07846962,0.17479087,-0.7297864,0.04682434,-0.0084235,0.14203468,-0.013942413,-0.0019414902,0.33403945,-0.0011127472,0.008766556,0.47011453,0.0071453857,0.0374984,0.6716104,0.02675766,0.05409546,0.7438051,0.018510971,0.07927749,0.80982816,-0.0063700103,-0.0029901124,0.6176956,0.012971725,-0.1898412,0.5849083,-0.0023040771,-0.42037663,0.7287721,0.10413055,-0.40128884,1.0100528,0.032536622,0.05928585,0.6046727,0.02957428,0.23068474,0.5380623,0.07793175,0.3799485,0.41049927,0.29240334,0.31354415,0.5372252,0.54447037
-0.0022370147,0.05941002,-0.01794014,-0.09844353,0.058336563,-0.029738769,-0.13585718,-0.33437333,-0.14335723,-0.12707515,-0.70711005,-0.26735565,0.11287007,0.056865387,0.002241745,0.1401199,-0.3457034,0.07190598,0.17423901,-0.7282834,0.04714363,-0.0078987125,0.14708167,-0.015393372,-0.00062080385,0.33872628,0.001011734,0.01124649,0.47411606,0.014082947,0.044556655,0.67414033,0.0408902,0.062411193,0.74612105,0.03409294,0.08831692,0.81180084,0.009048615,0.0026377868,0.6209926,0.026483001,-0.18459761,0.59283495,0.018410187,-0.38866368,0.74832964,0.15675652,-0.38180524,1.0350826,0.10557144,0.06503132,0.60647905,0.038755875,0.2375454,0.5354179,0.07642593,0.39157394,0.39333314,0.2780834,0.32629248,0.5194394,0.53062177
-0.00042129518,0.06679268,-0.018192062,-0.09898708,0.06545914,-0.031877443,-0.1382676,-0.32744002,-0.14516464,-0.13898173,-0.70079094,-0.26888716,0.11784199,0.06275292,0.0014489746,0.14080052,-0.34165367,0.06306618,0.17260948,-0.72603446,0.047100753,-0.006523819,0.1548481,-0.01338707,0.0018490982,0.34625962,0.007880706,0.016152611,0.4811572,0.026194,0.058007278,0.67877716,0.058494568,0.07797333,0.7502777,0.052510757,0.10448589,0.81547195,0.02682785,0.013610802,0.62881684,0.04208893,-0.17288506,0.5994328,0.05451027,-0.32576314,0.7652174,0.24816422,-0.33882234,1.0562302,0.24883622,0.07574833,0.61037767,0.052086182,0.24873306,0.5332054,0.07156143,0.40968993,0.3678698,0.24889092,0.34396508,0.4934047,0.50171626
0.0018431091,0.07244957,-0.014626159,-0.100483514,0.07139084,-0.031708907,-0.14483222,-0.32147235,-0.1446611,-0.15014485,-0.6951662,-0.26954088,0.12162083,0.067213595,0.0045896913,0.14061493,-0.33868966,0.058791276,0.17099285,-0.72455823,0.046896134,-0.0041736984,0.1607766,-0.0059954072,0.005596466,0.35254487,0.018275071,0.022926101,0.4878404,0.037935182,0.07257351,0.6840259,0.06717827,0.09380364,0.7552281,0.060105056,0.1194738,0.8204823,0.033704378,0.025505142,0.6374057,0.053216476,-0.15536204,0.5982393,0.089636765,-0.25601962,0.7669792,0.3013266,-0.26972646,1.0363823,0.4079271,0.08745449,0.61503035,0.058548354,0.25887543,0.5320497,0.06346848,0.4243881,0.34748268,0.21595573,0.3583725,0.47171143,0.46923774
0.0028829575,0.07418411,-0.012898789,-0.10101658,0.07347443,-0.030978851,-0.14730243,-0.31910893,-0.1445932,-0.15412965,-0.6928175,-0.26970154,0.12264633,0.06851265,0.006559372,0.1402303,-0.33787715,0.057976075,0.17036949,-0.7241903,0.046820756,-0.002688446,0.16259804,-0.0031106567,0.007857743,0.3545607,0.021946564,0.026366463,0.4901474,0.041431352,0.07829548,0.6859358,0.069340594,0.099701464,0.7571187,0.06186615,0.12474861,0.82255554,0.03526947,0.030604362,0.6402411,0.057153627,-0.14750855,0.5971785,0.10115418,-0.23540114,0.76386917,0.32192641,-0.23300417,1.0119781,0.47059357,0.09218979,0.6166388,0.059496995,0.26300514,0.53237945,0.06040306,0.4293348,0.3410061,0.20329644,0.36328638,0.464517,0.45688576
0.0062317657,0.07813583,-0.013960724,-0.102031365,0.078737944,-0.031079255,-0.15234493,-0.31277803,-0.14733414,-0.16260636,-0.685869,-0.27211913,0.124090694,0.0708963,0.0092581175,0.13952233,-0.33640125,0.055304796,0.16845725,-0.7236608,0.04545952,0.00375,0.16732521,-0.0075675203,0.017121049,0.3598114,0.019104844,0.038279876,0.49603438,0.039657135,0.091469385,0.6888313,0.082401656,0.112288475,0.76039565,0.078734204,0.13543995,0.826832,0.05263954,0.044317283,0.64442044,0.07063583,-0.12788655,0.59789217,0.12587066,-0.19185603,0.74412656,0.37039086,-0.13775665,0.91203034,0.59772485,0.104328535,0.62057376,0.06376594,0.27371094,0.5341847,0.05686264,0.43905136,0.32697213,0.17721024,0.3719693,0.44827765,0.43151015
0.009029884,0.080853656,-0.018865203,-0.10187611,0.08238907,-0.034448244,-0.15431175,-0.30890617,-0.15065064,-0.16626425,-0.68161935,-0.27502152,0.12448376,0.071953885,0.008521118,0.13974293,-0.33567172,0.052994844,0.16726364,-0.7235636,0.043505706,0.009434433,0.17101784,-0.017953262,0.024938278,0.36362427,0.009994278,0.047792777,0.49966186,0.03314583,0.09946266,0.6875008,0.09613823,0.11958038,0.75919294,0.09782143,0.14157093,0.8265958,0.07299805,0.054726753,0.64204895,0.08260063,-0.11711544,0.5969023,0.14099655,-0.16379058,0.7166159,0.40290314,-0.09234612,0.84439516,0.6522111,0.1124007,0.6221948,0.06899727,0.28069916,0.5341914,0.05830185,0.4431823,0.31831643,0.16701446,0.37514877,0.43749267,0.42176223
0.015096244,0.08266533,-0.01950241,-0.09923378,0.08685242,-0.03584877,-0.15565231,-0.30431974,-0.15087815,-0.1699451,-0.67613584,-0.27516997,0.12602143,0.07138351,0.010592422,0.1402874,-0.33662933,0.05282074,0.16475242,-0.7251454,0.039620437,0.020690955,0.17253815,-0.019322662,0.040627252,0.36414742,0.0109272,0.0658691,0.4988881,0.039523467,0.11552742,0.68489593,0.1099794,0.13509426,0.7568538,0.11431915,0.15590039,0.8254039,0.09179474,0.07660824,0.6354184,0.09795052,-0.087394066,0.6037624,0.15580414,-0.15133744,0.646505,0.43828994,-0.07107906,0.72673124,0.7027621,0.12824349,0.62278247,0.07831016,0.29486504,0.5329726,0.06480835,0.4484069,0.30253205,0.15400894,0.38015777,0.4150994,0.41166022
0.018114967,0.07960991,-0.014386902,-0.09773739,0.085473865,-0.032516707,-0.15537634,-0.30591607,-0.14687438,-0.17106548,-0.6779897,-0.27222642,0.12706272,0.06751671,0.014520492,0.13986771,-0.34066355,0.054856874,0.16306698,-0.7293135,0.037983626,0.026849022,0.16835868,-0.0116300965,0.050007515,0.35893112,0.018634567,0.07626175,0.49240327,0.048673324,0.12464504,0.68102354,0.112566374,0.14401646,0.75331694,0.115738064,0.16426548,0.8224323,0.094562605,0.08652363,0.62652326,0.1038784,-0.0820462,0.6040274,0.15467614,-0.15343654,0.62245667,0.43930045,-0.07175396,0.684454,0.709585,0.13729645,0.61918473,0.08308296,0.30330476,0.5290086,0.06865669,0.44997185,0.290561,0.14715554,0.38221192,0.39867058,0.4067665
0.01893879,0.0730761,-0.007406845,-0.09845341,0.07731117,-0.02710785,-0.15561396,-0.31520656,-0.14012451,-0.17222862,-0.6905937,-0.26972717,0.12664555,0.061693724,0.020171737,0.13846844,-0.3463317,0.058235474,0.1613758,-0.73287755,0.036404036,0.030200347,0.16147254,-0.0032022095,0.05630146,0.35168707,0.026811523,0.08363987,0.48406205,0.056669615,0.13350724,0.6734073,0.1168338,0.1529655,0.74583817,0.12002396,0.17219314,0.8159476,0.10107918,0.089626655,0.6155545,0.109874725,-0.08849247,0.6015668,0.15721473,-0.13975166,0.59439194,0.448731,-0.048637085,0.6244089,0.720495,0.14594227,0.61153704,0.088797376,0.31055215,0.5195786,0.0713549,0.44818038,0.272601,0.1392051,0.38171875,0.37696868,0.40065598
0.018576356,0.07312744,-0.0063625337,-0.1002404,0.07692215,-0.024097977,-0.15782133,-0.31499255,-0.13881576,-0.17298235,-0.69050455,-0.26900315,0.12553711,0.060477678,0.022229461,0.13767952,-0.3476391,0.060423203,0.16075489,-0.73434186,0.03530449,0.03069355,0.16296868,-0.0069608307,0.05705631,0.3542897,0.02420555,0.084648706,0.48742998,0.052539825,0.13719945,0.66849333,0.12978546,0.15665032,0.74008024,0.13833359,0.17494446,0.81104296,0.12192345,0.08663147,0.61721283,0.11960075,-0.09437446,0.5998195,0.17552772,-0.13161801,0.56146806,0.46478653,-0.01879078,0.53306353,0.7273529,0.15058266,0.60895276,0.09709488,0.3131061,0.5140498,0.07340012,0.44413733,0.2620854,0.13662605,0.37977624,0.3655426,0.39879462
0.018520165,0.07001641,-0.00093223574,-0.1019521,0.07431808,-0.015406037,-0.15997197,-0.3153858,-0.13574798,-0.17217685,-0.6894641,-0.26746672,0.12530312,0.05822502,0.024658432,0.13761109,-0.34960565,0.06659592,0.16065532,-0.73616564,0.033529587,0.030855484,0.15990059,-0.0027317046,0.05649517,0.35049224,0.032331925,0.0851025,0.48313782,0.06388672,0.13885982,0.65798736,0.15367782,0.15772079,0.7291924,0.16627243,0.17446887,0.80101454,0.15171234,0.08585282,0.6096939,0.1437809,-0.09402546,0.5847038,0.2099276,-0.1117107,0.46930534,0.47511438,0.032555085,0.3618879,0.69985056,0.15456471,0.60243726,0.115519635,0.31116754,0.5032312,0.073453754,0.43244493,0.24502525,0.13092498,0.37603667,0.34888694,0.39479882
0.017060203,0.06108841,0.008899612,-0.10467155,0.067588806,-0.0031678008,-0.16165401,-0.31994292,-0.12832642,-0.17064373,-0.69039273,-0.26402894,0.12482708,0.053402863,0.025684739,0.13808754,-0.35324043,0.0762497,0.16003464,-0.73831016,0.0321698,0.02773674,0.14827491,0.011712112,0.052772712,0.33576524,0.049913026,0.082426034,0.46454978,0.08695053,0.14022152,0.6409024,0.17240433,0.1603531,0.71219134,0.1831723,0.17705272,0.78388125,0.1680539,0.09016865,0.58792955,0.16255088,-0.09009262,0.5713211,0.2273651,-0.09359009,0.40482178,0.46276954,0.057022132,0.24302703,0.6487511,0.1533566,0.5841171,0.13360733,0.31070015,0.49455184,0.075411074,0.4227684,0.23011178,0.12180199,0.37985405,0.33291024,0.3886985
0.016941758,0.0576091,0.011678848,-0.10497654,0.06458038,0.0011404419,-0.16205926,-0.32210293,-0.12556961,-0.17034441,-0.69112104,-0.26264924,0.124675214,0.051214524,0.025064697,0.13868958,-0.35476476,0.08000496,0.15959224,-0.7392384,0.031650085,0.02729702,0.14424263,0.014957504,0.05223812,0.33098602,0.054453965,0.08227875,0.45867118,0.09322548,0.14084965,0.6337379,0.18088013,0.16125686,0.7048473,0.19212928,0.17782475,0.7766045,0.17706734,0.09221912,0.5798024,0.17005111,-0.0873064,0.5664096,0.23424378,-0.08996654,0.38025445,0.45421752,0.05949886,0.20215386,0.6259447,0.15338868,0.57760346,0.14125107,0.3099132,0.49026978,0.077907026,0.4185766,0.2234745,0.11851174,0.3820082,0.32505584,0.38689673
0.0162603,0.049713746,0.017381668,-0.10505471,0.056851882,0.011378174,-0.16406433,-0.3282443,-0.11751297,-0.1703486,-0.69457567,-0.2578641,0.12514953,0.045241546,0.02364685,0.1395382,-0.35913098,0.087793045,0.15779266,-0.74174,0.02990837,0.02602459,0.13543594,0.02261673,0.05116333,0.32067436,0.0650518,0.08253342,0.4449032,0.109350435,0.14137451,0.61898255,0.19963181,0.16161393,0.69010544,0.2117115,0.17700142,0.7621548,0.19709076,0.092225075,0.5675009,0.18418838,-0.08510563,0.54751235,0.25108382,-0.07759674,0.32802323,0.43733636,0.06665523,0.11547348,0.56982845,0.1525861,0.56491834,0.15787812,0.30554366,0.48048005,0.083421856,0.40738082,0.20893273,0.10865456,0.38823792,0.3054422,0.38131577
0.014871826,0.045828477,0.020806199,-0.10537842,0.052567597,0.017919464,-0.1711389,-0.33351228,-0.10705109,-0.17087445,-0.6962381,-0.25546768,0.1261292,0.04150406,0.023621673,0.13905261,-0.3622334,0.09121971,0.15634769,-0.743546,0.028448105,0.023975106,0.131736,0.025961457,0.049300767,0.316846,0.06971977,0.08029094,0.44019294,0.1164196,0.14073169,0.61192626,0.21010064,0.16104236,0.6827815,0.22324166,0.1758239,0.7550362,0.20937797,0.09078175,0.56105834,0.19453232,-0.08624809,0.54055667,0.26451606,-0.06835583,0.30294907,0.42656082,0.07165936,0.07388268,0.533702,0.15120274,0.5585005,0.16747428,0.3022145,0.47593704,0.08739617,0.40056312,0.20236588,0.10282158,0.3924871,0.29394644,0.37802476
0.011789398,0.038500823,0.028457412,-0.10787647,0.04448845,0.03077629,-0.18329734,-0.34186286,-0.08971939,-0.17131177,-0.6980372,-0.25316298,0.1275991,0.03432686,0.02494896,0.13675159,-0.3688165,0.09478424,0.15316738,-0.7474209,0.025326766,0.020783348,0.12424301,0.035036925,0.047350083,0.30838722,0.081393585,0.077448465,0.43061996,0.13162056,0.13869369,0.6011728,0.22690208,0.15864132,0.67204636,0.2407341,0.17237881,0.74468017,0.227912,0.08801136,0.55141675,0.21238784,-0.08797592,0.5285666,0.28605598,-0.0530801,0.26959288,0.4086805,0.07857361,0.020636216,0.47448394,0.14818817,0.5488684,0.18242103,0.2961283,0.4690718,0.09434677,0.3899986,0.19311897,0.09418144,0.39967674,0.27505517,0.37277612
0.0093303295,0.031170197,0.035139542,-0.10989605,0.036212005,0.042293016,-0.194049,-0.35045353,-0.07146805,-0.17025046,-0.6998939,-0.248835,0.1273003,0.02798317,0.025743255,0.13427174,-0.37482426,0.095853806,0.1491116,-0.750292,0.021915589,0.018546639,0.116748124,0.042670824,0.04604927,0.30029336,0.090766296,0.07556278,0.42180574,0.14326584,0.1366405,0.59139633,0.24039696,0.1559074,0.6623131,0.255121,0.16834809,0.73538435,0.24360397,0.086436994,0.54132825,0.22564071,-0.08801243,0.5169086,0.30179414,-0.03959919,0.24850716,0.39717665,0.08127808,-0.012683182,0.42944014,0.14528424,0.53998274,0.19498329,0.29086098,0.46277106,0.101272814,0.37962738,0.1854989,0.08655014,0.40614364,0.25677124,0.36693442
0.0087135695,0.028388213,0.037545778,-0.11036175,0.03309509,0.046404723,-0.19799744,-0.3539445,-0.0632827,-0.1694558,-0.700271,-0.24622208,0.12677865,0.025859986,0.02592743,0.13345425,-0.37681535,0.09596428,0.14752872,-0.7509529,0.020681381,0.018000184,0.113853075,0.045503616,0.04562916,0.29721168,0.09420868,0.074969865,0.41856262,0.14734787,0.13581684,0.5879904,0.24485992,0.15472874,0.6589557,0.259935,0.1666014,0.7322376,0.24914856,0.08611629,0.5377524,0.23015328,-0.087593004,0.51281327,0.30700576,-0.03555771,0.2417057,0.39252067,0.08163521,-0.022317352,0.4140159,0.14419445,0.53679335,0.19931671,0.28901207,0.4605552,0.1037783,0.37555686,0.18280976,0.083830565,0.4082086,0.24979904,0.364672
0.008131943,0.021789856,0.04315666,-0.110791706,0.026056442,0.056008376,-0.20516391,-0.3622426,-0.04181717,-0.16662546,-0.700547,-0.23756409,0.12603226,0.02074562,0.026555024,0.13149254,-0.38181102,0.09575371,0.14377609,-0.75375116,0.017773056,0.017327461,0.10695877,0.052149657,0.04479698,0.28997734,0.102191165,0.07373279,0.41108313,0.15661232,0.13370396,0.5803435,0.2547494,0.15177436,0.65139997,0.27073973,0.16248699,0.72515076,0.26197326,0.08557274,0.52972823,0.24079826,-0.08668499,0.5042813,0.31889138,-0.028506279,0.22768356,0.38038367,0.0823058,-0.039900742,0.37920555,0.14178261,0.52945906,0.20901299,0.28515586,0.4557363,0.10959526,0.36563638,0.17688209,0.0783094,0.41159776,0.23366004,0.35974914
0.008265457,0.018240815,0.046022873,-0.11039379,0.022543564,0.060959168,-0.20829801,-0.36659068,-0.029146805,-0.1651545,-0.70036334,-0.23142044,0.12598805,0.017883454,0.027232513,0.13031307,-0.38481778,0.09516655,0.14202175,-0.7560475,0.016231613,0.017297363,0.10320091,0.05566139,0.044531174,0.28601432,0.10648857,0.0731757,0.40702552,0.16142975,0.1324804,0.5763013,0.2598295,0.15010196,0.6473874,0.27632722,0.16032368,0.7213341,0.26869383,0.08524265,0.5254596,0.24625199,-0.08661846,0.4999933,0.3247773,-0.025837632,0.22141479,0.3746775,0.0825758,-0.046969146,0.3623423,0.14054042,0.52539337,0.21403481,0.28355736,0.453378,0.11298325,0.35989922,0.17410973,0.07579514,0.41242036,0.2252301,0.35713577
0.00832901,0.013886108,0.049645692,-0.10898262,0.01837227,0.067648314,-0.21247427,-0.37171,-0.009516068,-0.16436926,-0.6992283,-0.21981873,0.12423996,0.014621582,0.029572144,0.1263427,-0.38843346,0.095244825,0.14079358,-0.7591916,0.014938584,0.017459793,0.09833847,0.06059555,0.044444963,0.2806099,0.11309593,0.07246712,0.4014894,0.16860054,0.12982574,0.5710648,0.267521,0.14656448,0.642226,0.2847876,0.15597004,0.7164464,0.27880394,0.08401009,0.5200436,0.25400695,-0.08747211,0.49403992,0.33208588,-0.023614349,0.21395531,0.3679049,0.08233162,-0.05436218,0.34137535,0.13832745,0.5200922,0.22137733,0.28105882,0.4506212,0.11827789,0.350867,0.17055482,0.07349655,0.41111276,0.21404228,0.3545871
0.00905117,0.012872086,0.051533736,-0.1070005,0.017225495,0.07360176,-0.215035,-0.37362546,0.008908692,-0.16510308,-0.6970728,-0.20635544,0.12304733,0.014844132,0.030636445,0.124551505,-0.38745418,0.10148117,0.1401276,-0.75886047,0.015614624,0.018111687,0.09677399,0.06398453,0.04460125,0.27825096,0.118774645,0.07189587,0.398831,0.17488609,0.12683223,0.5684979,0.2749848,0.14266369,0.6396983,0.2929399,0.15138577,0.7140672,0.28793243,0.0823962,0.51707476,0.26101837,-0.089394115,0.4903232,0.33757636,-0.024869729,0.20947053,0.36461616,0.08042339,-0.057924956,0.32821006,0.1360221,0.5176509,0.2280642,0.27869362,0.4499627,0.123708114,0.34176934,0.16922684,0.07388268,0.407051,0.2062487,0.35465735
0.009935074,0.013405456,0.052022018,-0.10540363,0.017644271,0.074722596,-0.2154396,-0.37343106,0.015817566,-0.1652647,-0.69590384,-0.20040984,0.12423645,0.015540314,0.030126266,0.1256797,-0.38604438,0.10507569,0.13968419,-0.75779915,0.015997391,0.018608436,0.09716606,0.065065764,0.04465946,0.2783548,0.12067451,0.07158047,0.39875925,0.17712754,0.12591964,0.56832504,0.27770042,0.14154178,0.6395062,0.29587114,0.15012191,0.7138975,0.2911062,0.081914485,0.5168098,0.26360482,-0.08999821,0.4896292,0.33957803,-0.026373481,0.20834678,0.36396658,0.07928944,-0.058440704,0.32437417,0.13528217,0.51759565,0.23049629,0.27788392,0.45036736,0.1258049,0.3383316,0.1693573,0.07444527,0.4052398,0.20395699,0.3551134
0.0101998905,0.015616837,0.05376938,-0.10209202,0.019902954,0.07568878,-0.21774788,-0.3715209,0.033318024,-0.16763254,-0.69310594,-0.18352738,0.12385136,0.016762467,0.029673463,0.1287696,-0.38364345,0.111834414,0.13823174,-0.7563496,0.01762947,0.017826233,0.099402316,0.06774033,0.042873457,0.28020653,0.12466019,0.06904892,0.40023482,0.18206398,0.1228281,0.5692845,0.283761,0.13836506,0.6403383,0.30242965,0.1470493,0.71474075,0.29820883,0.07933277,0.51780945,0.26946282,-0.09261528,0.48892653,0.3446155,-0.032337837,0.20655762,0.3646691,0.0749884,-0.058438797,0.31810653,0.13242325,0.51894975,0.23622154,0.27517113,0.4528116,0.13126495,0.32951775,0.17071511,0.07622665,0.39955482,0.19986,0.35671586
0.009513779,0.017203217,0.055269167,-0.101315424,0.021786727,0.07719887,-0.21961112,-0.3696034,0.043652344,-0.17020199,-0.6917999,-0.17241196,0.12271801,0.01736519,0.030677719,0.1290145,-0.383041,0.11285805,0.13769741,-0.7560943,0.018252792,0.016587257,0.10114044,0.069415286,0.04122612,0.2819518,0.12665741,0.067021064,0.40187028,0.18456031,0.12072342,0.5706282,0.28676826,0.13633975,0.6415903,0.30570236,0.14522687,0.71598357,0.3018371,0.07715099,0.51912063,0.27244666,-0.09519489,0.4893811,0.3471514,-0.036523934,0.20654015,0.3662722,0.072017096,-0.057335205,0.3161921,0.13031624,0.52044237,0.23923431,0.27373436,0.45498002,0.13488288,0.3238826,0.17282219,0.07751038,0.39541245,0.19829758,0.35788506
0.009232063,0.020031815,0.057764053,-0.10033394,0.025721816,0.07940613,-0.2219126,-0.3655391,0.059442215,-0.17464182,-0.6901435,-0.15300567,0.12380841,0.01830742,0.033579025,0.12577182,-0.38264236,0.1128878,0.13680492,-0.7561292,0.018525848,0.015490685,0.1042379,0.07193886,0.039596062,0.28521338,0.1293615,0.0646611,0.40513825,0.18781608,0.11788921,0.5736888,0.2906125,0.13354626,0.644538,0.30997077,0.14271516,0.71894515,0.30686286,0.073891334,0.52196425,0.27616683,-0.098332256,0.49211624,0.35045373,-0.04302658,0.20852493,0.3696961,0.06798077,-0.053666152,0.31616867,0.12766175,0.52372575,0.24330719,0.27249748,0.458927,0.1407985,0.3151107,0.17695847,0.08020325,0.38788208,0.19643028,0.36072746
0.009585952,0.021179887,0.058460616,-0.09996605,0.027489014,0.07963303,-0.22200395,-0.36382502,0.06501541,-0.17615128,-0.6898746,-0.14525482,0.12528828,0.018698882,0.0344738,0.12361874,-0.382349,0.1134404,0.13629425,-0.7561373,0.018615494,0.01557724,0.10545936,0.07268539,0.039466284,0.28650963,0.13016593,0.06419506,0.4065001,0.18872581,0.11705807,0.57508147,0.29165763,0.13266326,0.64590335,0.31117654,0.14187206,0.72032225,0.30841285,0.07289341,0.52326494,0.2771132,-0.09957607,0.49363664,0.35102975,-0.045454483,0.20986405,0.3711644,0.066666715,-0.051778182,0.3172351,0.12696816,0.52513486,0.2445082,0.2725248,0.46045685,0.1430201,0.31213638,0.17832497,0.081475675,0.38474518,0.19601318,0.36214507
0.00941227,0.02419426,0.059836272,-0.10094532,0.03220787,0.079543,-0.21953557,-0.36032256,0.07743301,-0.17866252,-0.6906452,-0.12596893,0.12606807,0.020327454,0.037229918,0.11954453,-0.38115478,0.11561455,0.1354541,-0.75596666,0.018687362,0.01538765,0.10848495,0.07426491,0.03892479,0.2896595,0.13190208,0.063015215,0.4099022,0.19043426,0.11455894,0.5788364,0.29344025,0.1298587,0.6496416,0.31330192,0.13897309,0.72410184,0.31139746,0.07018219,0.52683043,0.27859765,-0.103262976,0.49821183,0.35074052,-0.052307013,0.21413177,0.37456772,0.06331417,-0.04632034,0.32236803,0.12505981,0.52876955,0.24675873,0.27258995,0.46396813,0.14830323,0.30481866,0.18134865,0.08554352,0.3757608,0.19559166,0.36680114
0.009066353,0.025888825,0.06027954,-0.101801835,0.03469696,0.07850113,-0.21796133,-0.35849193,0.08500122,-0.17891079,-0.69082725,-0.11329849,0.12507835,0.0214254,0.039238967,0.118402824,-0.38034505,0.11700729,0.13520916,-0.7557313,0.018750915,0.015162544,0.11015289,0.074937746,0.038414728,0.29139352,0.13268891,0.062112235,0.4118402,0.19110687,0.11264038,0.5811374,0.29401353,0.12768655,0.65196335,0.3140225,0.13670078,0.72645247,0.31257042,0.06827274,0.52904755,0.2789286,-0.10601315,0.50123537,0.3495349,-0.056937065,0.21710846,0.3764952,0.061388206,-0.04263443,0.3268548,0.12369339,0.5309155,0.24769768,0.2723114,0.46585578,0.15121636,0.30048645,0.18283814,0.08859268,0.36977836,0.1957264,0.3703543
0.008538475,0.028202897,0.060521163,-0.10172096,0.037686005,0.076377414,-0.21631889,-0.35548356,0.09557197,-0.18352783,-0.6945511,-0.09398086,0.12399422,0.022694398,0.041308824,0.11774616,-0.37909022,0.11961235,0.13492543,-0.7552529,0.018998642,0.014691506,0.11247299,0.075571135,0.037336692,0.2938899,0.13331345,0.060320474,0.4147291,0.19142853,0.108936615,0.5848645,0.29386216,0.12353123,0.6557629,0.3139711,0.13243756,0.73026675,0.3130409,0.06477665,0.53253615,0.27855912,-0.11109165,0.5062088,0.34564912,-0.06579403,0.22211532,0.37921363,0.057978667,-0.03605301,0.33494508,0.12092007,0.534305,0.248144,0.27179694,0.4686969,0.15554848,0.2935837,0.18500824,0.09430489,0.35942116,0.19690406,0.37693498
0.008087959,0.028973466,0.060651932,-0.10230831,0.038781814,0.07594002,-0.21561554,-0.3545919,0.099025115,-0.18439831,-0.6959551,-0.08643204,0.12363533,0.022997743,0.04194069,0.11743851,-0.3786934,0.12089905,0.13479187,-0.7549964,0.019201508,0.014271927,0.11326241,0.075770795,0.036719933,0.29478547,0.13336319,0.059426155,0.4158042,0.1913025,0.107285194,0.5863361,0.29342666,0.12171486,0.6572731,0.3135285,0.13061328,0.73177767,0.31275323,0.06322052,0.53392,0.27806175,-0.113314666,0.5080498,0.34357026,-0.069701694,0.22403648,0.38013688,0.056652296,-0.0333091,0.3384018,0.11963699,0.5356189,0.24800178,0.27141938,0.46971053,0.15713494,0.2908621,0.18574753,0.09677216,0.35519332,0.19740975,0.37976754
0.0069955443,0.030394288,0.061059035,-0.10371239,0.04082741,0.07452004,-0.21471015,-0.35268322,0.107274555,-0.18670602,-0.6998547,-0.06768455,0.12320278,0.023253784,0.043968506,0.116269186,-0.37818286,0.1245504,0.13437542,-0.75440454,0.019639434,0.013238411,0.11483734,0.07601684,0.03518345,0.29677278,0.13285126,0.056990698,0.4183474,0.19027038,0.10258846,0.58993757,0.29163077,0.11654098,0.6609868,0.31168815,0.12544923,0.7354895,0.3112192,0.058910597,0.5372847,0.27596283,-0.11922066,0.51196444,0.33737418,-0.08002968,0.228415,0.3820359,0.053640977,-0.026321182,0.34756377,0.116033286,0.5387985,0.24707161,0.27001595,0.471967,0.16082092,0.2844423,0.18733558,0.103385314,0.344757,0.19886635,0.3872837
0.0060580443,0.03092064,0.061539534,-0.10454399,0.041492157,0.072102204,-0.21509457,-0.35110104,0.115847014,-0.19017287,-0.70364344,-0.04909134,0.12315109,0.022770386,0.04677284,0.11478271,-0.37838897,0.12894134,0.13392627,-0.75389826,0.020047912,0.0122450255,0.115672454,0.0759343,0.033580206,0.2982366,0.1315049,0.05433117,0.42051497,0.18824516,0.097493514,0.5932272,0.2887425,0.11093071,0.66439956,0.30871347,0.11980206,0.7388997,0.3084912,0.054331284,0.54046327,0.2727175,-0.12504521,0.5147493,0.32983604,-0.09177719,0.23195922,0.38332054,0.051091842,-0.018731765,0.35729942,0.11200237,0.54167056,0.24511734,0.26817292,0.4738214,0.16368668,0.2791192,0.18846238,0.11050972,0.33489287,0.20144692,0.3952285
0.005412979,0.030730134,0.061929323,-0.10518315,0.04132805,0.07103333,-0.21549484,-0.35064402,0.12143189,-0.19254339,-0.70562965,-0.03856201,0.122985035,0.02207672,0.0488636,0.11368351,-0.37885803,0.13206436,0.13367367,-0.75366837,0.0202742,0.01154541,0.115709685,0.07578026,0.03249073,0.2987149,0.13039146,0.052561607,0.42147338,0.18659553,0.09430637,0.5948813,0.2864862,0.10743526,0.6661333,0.30638465,0.116262704,0.74063903,0.30631652,0.051484033,0.54202026,0.27012786,-0.12858255,0.515999,0.32493827,-0.099577256,0.23382019,0.38378984,0.049875487,-0.013581314,0.36402237,0.10945747,0.5430383,0.24355216,0.26679352,0.47464845,0.16493103,0.2764843,0.18883759,0.115056455,0.32936424,0.20334396,0.4002572
0.004152794,0.02951271,0.062282562,-0.10636402,0.0399292,0.069129564,-0.21585356,-0.35069314,0.1307038,-0.19724314,-0.70856047,-0.023262406,0.122399405,0.02030449,0.051687013,0.1121566,-0.37938094,0.13597855,0.13320702,-0.7533153,0.020688552,0.010139618,0.11484551,0.075116426,0.03037365,0.29862046,0.12784699,0.049382135,0.42218423,0.18295188,0.088919446,0.59687775,0.28150636,0.10155361,0.66828185,0.30120018,0.110279426,0.7427977,0.30134812,0.046699677,0.5437138,0.2647261,-0.13434666,0.5177132,0.31537384,-0.11374016,0.23672394,0.38321364,0.04789375,-0.003614502,0.3756928,0.104968525,0.54454684,0.23966102,0.26423705,0.47543624,0.16559014,0.27328467,0.18871216,0.12267151,0.3208249,0.2071846,0.40857032
0.0028170014,0.027740631,0.062164534,-0.10834671,0.037999343,0.067899935,-0.215425,-0.35194463,0.13805641,-0.1998359,-0.7107948,-0.014107437,0.12186165,0.018400727,0.053150557,0.11021343,-0.38073415,0.14196831,0.13285495,-0.7530625,0.021128464,0.008620568,0.11332688,0.07402321,0.028222542,0.29773462,0.12499321,0.04642052,0.4219687,0.17901024,0.08460522,0.5977301,0.27620193,0.09693703,0.6692583,0.2956652,0.10563343,0.7437798,0.29598626,0.042821616,0.5442453,0.25910577,-0.13913845,0.5187335,0.30671036,-0.1250847,0.2391935,0.38199347,0.04643238,0.005694656,0.38623992,0.10131127,0.5449507,0.23536262,0.26202783,0.47541413,0.16494247,0.2714238,0.18807335,0.12863685,0.31473443,0.21110535,0.41490287
