1.209751,90.97999,8.579478,-8.456306,90.53658,8.505194,-6.836301,46.63391,7.404837,-4.979699,8.011686,5.936994,10.87036,91.4225,8.666732,11.4983,47.39768,7.057257,10.87368,8.118338,4.908732,0.7292231,99.03088,7.630267,-0.1688182,116.9611,6.630008,-0.5344803,129.7163,6.697108,-0.5141242,148.831,7.680817,-0.6690688,153.8283,7.623886,-0.9870149,158.8002,7.201437,-3.419322,143.0455,7.301438,-11.91604,143.5926,19.16244,-38.2794,139.8338,23.61967,-63.968,135.8261,23.44477,2.379678,143.0315,7.462909,16.88678,144.3364,8.466869,42.3191,140.7654,16.80088,64.43029,136.2987,29.72879,1.731894E+09
1.21555,90.9814,8.574805,-8.451677,90.53533,8.509647,-6.831492,46.63297,7.400715,-4.981389,8.010903,5.93764,10.8672,91.42534,8.648151,11.49077,47.39994,7.044557,10.85803,8.118984,4.909926,0.7349465,99.03124,7.617477,-0.1667458,116.9602,6.594896,-0.535271,129.7162,6.64545,-0.5213043,148.832,7.603554,-0.6770551,153.8295,7.5475,-0.9951203,158.8024,7.136737,-3.424432,143.0459,7.231769,-11.91715,143.5772,19.09537,-38.27792,139.8115,23.56062,-63.95982,135.772,23.40337,2.375579,143.0332,7.396163,16.88343,144.3353,8.397007,42.31258,140.7677,16.74192,64.42119,136.3058,29.67509,1.731894E+09
1.21555,90.9814,8.574805,-8.451677,90.53533,8.509647,-6.831492,46.63297,7.400715,-4.981389,8.010903,5.93764,10.8672,91.42534,8.648151,11.49077,47.39994,7.044557,10.85803,8.118984,4.909926,0.7349465,99.03124,7.617477,-0.1667458,116.9602,6.594896,-0.535271,129.7162,6.64545,-0.5213043,148.832,7.603554,-0.6770551,153.8295,7.5475,-0.9951203,158.8024,7.136737,-3.424432,143.0459,7.231769,-11.91715,143.5772,19.09537,-38.27792,139.8115,23.56062,-63.95982,135.772,23.40337,2.375579,143.0332,7.396163,16.88343,144.3353,8.397007,42.31258,140.7677,16.74192,64.42119,136.3058,29.67509,1.731894E+09
1.21555,90.9814,8.574805,-8.451677,90.53533,8.509647,-6.831492,46.63297,7.400715,-4.981389,8.010903,5.93764,10.8672,91.42534,8.648151,11.49077,47.39994,7.044557,10.85803,8.118984,4.909926,0.7349465,99.03124,7.617477,-0.1667458,116.9602,6.594896,-0.535271,129.7162,6.64545,-0.5213043,148.832,7.603554,-0.6770551,153.8295,7.5475,-0.9951203,158.8024,7.136737,-3.424432,143.0459,7.231769,-11.91715,143.5772,19.09537,-38.27792,139.8115,23.56062,-63.95982,135.772,23.40337,2.375579,143.0332,7.396163,16.88343,144.3353,8.397007,42.31258,140.7677,16.74192,64.42119,136.3058,29.67509,1.731894E+09
1.21555,90.9814,8.574805,-8.451677,90.53533,8.509647,-6.831492,46.63297,7.400715,-4.981389,8.010903,5.93764,10.8672,91.42534,8.648151,11.49077,47.39994,7.044557,10.85803,8.118984,4.909926,0.7349465,99.03124,7.617477,-0.1667458,116.9602,6.594896,-0.535271,129.7162,6.64545,-0.5213043,148.832,7.603554,-0.6770551,153.8295,7.5475,-0.9951203,158.8024,7.136737,-3.424432,143.0459,7.231769,-11.91715,143.5772,19.09537,-38.27792,139.8115,23.56062,-63.95982,135.772,23.40337,2.375579,143.0332,7.396163,16.88343,144.3353,8.397007,42.31258,140.7677,16.74192,64.42119,136.3058,29.67509,1.731894E+09
1.211857,90.98091,8.570576,-8.45704,90.53324,8.515307,-6.828981,46.63165,7.397413,-4.981839,8.010717,5.937949,10.86066,91.42689,8.635186,11.48012,47.40108,7.035477,10.84297,8.118943,4.910754,0.7302052,99.02975,7.60628,-0.176229,116.9575,6.565125,-0.5489778,129.7133,6.598772,-0.5432684,148.8304,7.529882,-0.6988441,153.8279,7.473876,-1.014666,158.8018,7.072695,-3.443031,143.0424,7.165817,-11.93171,143.5493,19.03347,-38.28965,139.7831,23.51392,-63.96962,135.7271,23.3746,2.357425,143.0324,7.333574,16.8665,144.3306,8.325371,42.29222,140.7646,16.68223,64.3887,136.3016,29.63638,1.731894E+09
1.211857,90.98091,8.570576,-8.45704,90.53324,8.515307,-6.828981,46.63165,7.397413,-4.981839,8.010717,5.937949,10.86066,91.42689,8.635186,11.48012,47.40108,7.035477,10.84297,8.118943,4.910754,0.7302052,99.02975,7.60628,-0.176229,116.9575,6.565125,-0.5489778,129.7133,6.598772,-0.5432684,148.8304,7.529882,-0.6988441,153.8279,7.473876,-1.014666,158.8018,7.072695,-3.443031,143.0424,7.165817,-11.93171,143.5493,19.03347,-38.28965,139.7831,23.51392,-63.96962,135.7271,23.3746,2.357425,143.0324,7.333574,16.8665,144.3306,8.325371,42.29222,140.7646,16.68223,64.3887,136.3016,29.63638,1.731894E+09
1.211857,90.98091,8.570576,-8.45704,90.53324,8.515307,-6.828981,46.63165,7.397413,-4.981839,8.010717,5.937949,10.86066,91.42689,8.635186,11.48012,47.40108,7.035477,10.84297,8.118943,4.910754,0.7302052,99.02975,7.60628,-0.176229,116.9575,6.565125,-0.5489778,129.7133,6.598772,-0.5432684,148.8304,7.529882,-0.6988441,153.8279,7.473876,-1.014666,158.8018,7.072695,-3.443031,143.0424,7.165817,-11.93171,143.5493,19.03347,-38.28965,139.7831,23.51392,-63.96962,135.7271,23.3746,2.357425,143.0324,7.333574,16.8665,144.3306,8.325371,42.29222,140.7646,16.68223,64.3887,136.3016,29.63638,1.731894E+09
1.213202,90.97991,8.555941,-8.457166,90.53091,8.505474,-6.829378,46.62951,7.397089,-4.981917,8.010685,5.938358,10.86239,91.42886,8.618503,11.46702,47.40227,7.028686,10.82757,8.11861,4.911447,0.7290739,99.02785,7.589423,-0.1847153,116.9541,6.534924,-0.5646196,129.7091,6.552072,-0.574453,148.8276,7.454247,-0.7313126,153.8251,7.397439,-1.045584,158.7997,7.004396,-3.468614,143.0367,7.095191,-11.95683,143.5149,18.9638,-38.30898,139.7397,23.46827,-63.98687,135.6702,23.35979,2.330299,143.031,7.270443,16.84018,144.3253,8.256529,42.26068,140.7555,16.62758,64.34375,136.3008,29.60822,1.731894E+09
1.213202,90.97991,8.555941,-8.457166,90.53091,8.505474,-6.829378,46.62951,7.397089,-4.981917,8.010685,5.938358,10.86239,91.42886,8.618503,11.46702,47.40227,7.028686,10.82757,8.11861,4.911447,0.7290739,99.02785,7.589423,-0.1847153,116.9541,6.534924,-0.5646196,129.7091,6.552072,-0.574453,148.8276,7.454247,-0.7313126,153.8251,7.397439,-1.045584,158.7997,7.004396,-3.468614,143.0367,7.095191,-11.95683,143.5149,18.9638,-38.30898,139.7397,23.46827,-63.98687,135.6702,23.35979,2.330299,143.031,7.270443,16.84018,144.3253,8.256529,42.26068,140.7555,16.62758,64.34375,136.3008,29.60822,1.731894E+09
1.213202,90.97991,8.555941,-8.457166,90.53091,8.505474,-6.829378,46.62951,7.397089,-4.981917,8.010685,5.938358,10.86239,91.42886,8.618503,11.46702,47.40227,7.028686,10.82757,8.11861,4.911447,0.7290739,99.02785,7.589423,-0.1847153,116.9541,6.534924,-0.5646196,129.7091,6.552072,-0.574453,148.8276,7.454247,-0.7313126,153.8251,7.397439,-1.045584,158.7997,7.004396,-3.468614,143.0367,7.095191,-11.95683,143.5149,18.9638,-38.30898,139.7397,23.46827,-63.98687,135.6702,23.35979,2.330299,143.031,7.270443,16.84018,144.3253,8.256529,42.26068,140.7555,16.62758,64.34375,136.3008,29.60822,1.731894E+09
1.220898,90.98138,8.521976,-8.463659,90.52916,8.485166,-6.828092,46.62768,7.400054,-4.981781,8.010545,5.939068,10.87979,91.43269,8.574325,11.45109,47.40418,7.016519,10.81436,8.118113,4.911924,0.7341193,99.02942,7.556306,-0.1925838,116.9548,6.492666,-0.5892553,129.7093,6.494967,-0.636722,148.8289,7.369549,-0.7985898,153.8262,7.310635,-1.112437,158.8012,6.921587,-3.519281,143.0337,7.00652,-12.01778,143.4611,18.86773,-38.35684,139.6431,23.41052,-64.02997,135.5158,23.36472,2.2794,143.0364,7.203971,16.78876,144.3338,8.194882,42.20581,140.7421,16.56819,64.2672,136.2836,29.58363,1.731894E+09
1.220898,90.98138,8.521976,-8.463659,90.52916,8.485166,-6.828092,46.62768,7.400054,-4.981781,8.010545,5.939068,10.87979,91.43269,8.574325,11.45109,47.40418,7.016519,10.81436,8.118113,4.911924,0.7341193,99.02942,7.556306,-0.1925838,116.9548,6.492666,-0.5892553,129.7093,6.494967,-0.636722,148.8289,7.369549,-0.7985898,153.8262,7.310635,-1.112437,158.8012,6.921587,-3.519281,143.0337,7.00652,-12.01778,143.4611,18.86773,-38.35684,139.6431,23.41052,-64.02997,135.5158,23.36472,2.2794,143.0364,7.203971,16.78876,144.3338,8.194882,42.20581,140.7421,16.56819,64.2672,136.2836,29.58363,1.731894E+09
1.220898,90.98138,8.521976,-8.463659,90.52916,8.485166,-6.828092,46.62768,7.400054,-4.981781,8.010545,5.939068,10.87979,91.43269,8.574325,11.45109,47.40418,7.016519,10.81436,8.118113,4.911924,0.7341193,99.02942,7.556306,-0.1925838,116.9548,6.492666,-0.5892553,129.7093,6.494967,-0.636722,148.8289,7.369549,-0.7985898,153.8262,7.310635,-1.112437,158.8012,6.921587,-3.519281,143.0337,7.00652,-12.01778,143.4611,18.86773,-38.35684,139.6431,23.41052,-64.02997,135.5158,23.36472,2.2794,143.0364,7.203971,16.78876,144.3338,8.194882,42.20581,140.7421,16.56819,64.2672,136.2836,29.58363,1.731894E+09
1.219155,90.98278,8.488353,-8.47215,90.52962,8.466067,-6.826983,46.6278,7.403719,-4.981236,8.010803,5.939065,10.88867,91.43411,8.52767,11.43693,47.40426,6.999328,10.80145,8.117116,4.912239,0.7281674,99.03099,7.525383,-0.2076509,116.9559,6.459922,-0.6152236,129.7095,6.456478,-0.6818259,148.8299,7.316271,-0.8468972,153.8269,7.25511,-1.161977,158.8016,6.864323,-3.558404,143.0298,6.950812,-12.06789,143.4251,18.80491,-38.3958,139.5615,23.3749,-64.06065,135.3835,23.35978,2.238439,143.0412,7.162279,16.74634,144.3465,8.167192,42.15638,140.7298,16.55289,64.19832,136.2244,29.58577,1.731894E+09
1.219155,90.98278,8.488353,-8.47215,90.52962,8.466067,-6.826983,46.6278,7.403719,-4.981236,8.010803,5.939065,10.88867,91.43411,8.52767,11.43693,47.40426,6.999328,10.80145,8.117116,4.912239,0.7281674,99.03099,7.525383,-0.2076509,116.9559,6.459922,-0.6152236,129.7095,6.456478,-0.6818259,148.8299,7.316271,-0.8468972,153.8269,7.25511,-1.161977,158.8016,6.864323,-3.558404,143.0298,6.950812,-12.06789,143.4251,18.80491,-38.3958,139.5615,23.3749,-64.06065,135.3835,23.35978,2.238439,143.0412,7.162279,16.74634,144.3465,8.167192,42.15638,140.7298,16.55289,64.19832,136.2244,29.58577,1.731894E+09
1.219155,90.98278,8.488353,-8.47215,90.52962,8.466067,-6.826983,46.6278,7.403719,-4.981236,8.010803,5.939065,10.88867,91.43411,8.52767,11.43693,47.40426,6.999328,10.80145,8.117116,4.912239,0.7281674,99.03099,7.525383,-0.2076509,116.9559,6.459922,-0.6152236,129.7095,6.456478,-0.6818259,148.8299,7.316271,-0.8468972,153.8269,7.25511,-1.161977,158.8016,6.864323,-3.558404,143.0298,6.950812,-12.06789,143.4251,18.80491,-38.3958,139.5615,23.3749,-64.06065,135.3835,23.35978,2.238439,143.0412,7.162279,16.74634,144.3465,8.167192,42.15638,140.7298,16.55289,64.19832,136.2244,29.58577,1.731894E+09
1.219155,90.98278,8.488353,-8.47215,90.52962,8.466067,-6.826983,46.6278,7.403719,-4.981236,8.010803,5.939065,10.88867,91.43411,8.52767,11.43693,47.40426,6.999328,10.80145,8.117116,4.912239,0.7281674,99.03099,7.525383,-0.2076509,116.9559,6.459922,-0.6152236,129.7095,6.456478,-0.6818259,148.8299,7.316271,-0.8468972,153.8269,7.25511,-1.161977,158.8016,6.864323,-3.558404,143.0298,6.950812,-12.06789,143.4251,18.80491,-38.3958,139.5615,23.3749,-64.06065,135.3835,23.35978,2.238439,143.0412,7.162279,16.74634,144.3465,8.167192,42.15638,140.7298,16.55289,64.19832,136.2244,29.58577,1.731894E+09
1.212622,90.98511,8.444242,-8.475292,90.5318,8.432966,-6.824989,46.6295,7.394693,-4.978499,8.011848,5.938298,10.89092,91.43591,8.474916,11.42231,47.40484,6.974915,10.79023,8.116819,4.91282,0.7149488,99.03368,7.486989,-0.2274733,116.9581,6.421974,-0.6404568,129.7119,6.411287,-0.7100843,148.8331,7.251798,-0.879258,153.83,7.188107,-1.202875,158.804,6.796562,-3.587298,143.0318,6.883777,-12.11523,143.4106,18.72667,-38.42949,139.5262,23.3575,-64.07747,135.2356,23.33165,2.208225,143.0467,7.112024,16.71385,144.3405,8.152024,42.10244,140.7084,16.59502,64.12569,136.1168,29.62989,1.731894E+09
1.212622,90.98511,8.444242,-8.475292,90.5318,8.432966,-6.824989,46.6295,7.394693,-4.978499,8.011848,5.938298,10.89092,91.43591,8.474916,11.42231,47.40484,6.974915,10.79023,8.116819,4.91282,0.7149488,99.03368,7.486989,-0.2274733,116.9581,6.421974,-0.6404568,129.7119,6.411287,-0.7100843,148.8331,7.251798,-0.879258,153.83,7.188107,-1.202875,158.804,6.796562,-3.587298,143.0318,6.883777,-12.11523,143.4106,18.72667,-38.42949,139.5262,23.3575,-64.07747,135.2356,23.33165,2.208225,143.0467,7.112024,16.71385,144.3405,8.152024,42.10244,140.7084,16.59502,64.12569,136.1168,29.62989,1.731894E+09
1.212622,90.98511,8.444242,-8.475292,90.5318,8.432966,-6.824989,46.6295,7.394693,-4.978499,8.011848,5.938298,10.89092,91.43591,8.474916,11.42231,47.40484,6.974915,10.79023,8.116819,4.91282,0.7149488,99.03368,7.486989,-0.2274733,116.9581,6.421974,-0.6404568,129.7119,6.411287,-0.7100843,148.8331,7.251798,-0.879258,153.83,7.188107,-1.202875,158.804,6.796562,-3.587298,143.0318,6.883777,-12.11523,143.4106,18.72667,-38.42949,139.5262,23.3575,-64.07747,135.2356,23.33165,2.208225,143.0467,7.112024,16.71385,144.3405,8.152024,42.10244,140.7084,16.59502,64.12569,136.1168,29.62989,1.731894E+09
1.217456,90.98794,8.411813,-8.468351,90.53371,8.402237,-6.817655,46.63107,7.37956,-4.975726,8.013153,5.93698,10.8989,91.43832,8.439839,11.41947,47.40631,6.955667,10.7878,8.116371,4.912827,0.7176203,99.0372,7.458028,-0.2283764,116.962,6.39508,-0.6446309,129.7165,6.38152,-0.7207895,148.8381,7.213853,-0.8932744,153.8347,7.149451,-1.222463,158.8085,6.759003,-3.596836,143.0369,6.84194,-12.13885,143.3965,18.67652,-38.44343,139.5106,23.35745,-64.07513,135.1174,23.32072,2.199019,143.0515,7.08254,16.70374,144.3331,8.142973,42.07697,140.7004,16.63182,64.08535,136.0604,29.67454,1.731894E+09
1.217456,90.98794,8.411813,-8.468351,90.53371,8.402237,-6.817655,46.63107,7.37956,-4.975726,8.013153,5.93698,10.8989,91.43832,8.439839,11.41947,47.40631,6.955667,10.7878,8.116371,4.912827,0.7176203,99.0372,7.458028,-0.2283764,116.962,6.39508,-0.6446309,129.7165,6.38152,-0.7207895,148.8381,7.213853,-0.8932744,153.8347,7.149451,-1.222463,158.8085,6.759003,-3.596836,143.0369,6.84194,-12.13885,143.3965,18.67652,-38.44343,139.5106,23.35745,-64.07513,135.1174,23.32072,2.199019,143.0515,7.08254,16.70374,144.3331,8.142973,42.07697,140.7004,16.63182,64.08535,136.0604,29.67454,1.731894E+09
1.217456,90.98794,8.411813,-8.468351,90.53371,8.402237,-6.817655,46.63107,7.37956,-4.975726,8.013153,5.93698,10.8989,91.43832,8.439839,11.41947,47.40631,6.955667,10.7878,8.116371,4.912827,0.7176203,99.0372,7.458028,-0.2283764,116.962,6.39508,-0.6446309,129.7165,6.38152,-0.7207895,148.8381,7.213853,-0.8932744,153.8347,7.149451,-1.222463,158.8085,6.759003,-3.596836,143.0369,6.84194,-12.13885,143.3965,18.67652,-38.44343,139.5106,23.35745,-64.07513,135.1174,23.32072,2.199019,143.0515,7.08254,16.70374,144.3331,8.142973,42.07697,140.7004,16.63182,64.08535,136.0604,29.67454,1.731894E+09
1.254869,90.99196,8.344932,-8.433127,90.53864,8.338194,-6.797828,46.63487,7.34449,-4.9696,8.015769,5.934596,10.93713,91.44152,8.3698,11.42273,47.40754,6.926221,10.78798,8.115726,4.912602,0.7569873,99.04243,7.401806,-0.1966688,116.9672,6.347826,-0.6274514,129.7209,6.330046,-0.7437203,148.8432,7.145751,-0.924864,153.8396,7.079882,-1.259439,158.8133,6.691841,-3.606256,143.0361,6.76644,-12.17626,143.3339,18.58253,-38.46231,139.4455,23.35921,-64.06796,134.9052,23.34251,2.1885,143.0618,7.02737,16.69315,144.3216,8.127473,42.0387,140.6859,16.69551,64.01067,136.0033,29.78399,1.731894E+09
1.254869,90.99196,8.344932,-8.433127,90.53864,8.338194,-6.797828,46.63487,7.34449,-4.9696,8.015769,5.934596,10.93713,91.44152,8.3698,11.42273,47.40754,6.926221,10.78798,8.115726,4.912602,0.7569873,99.04243,7.401806,-0.1966688,116.9672,6.347826,-0.6274514,129.7209,6.330046,-0.7437203,148.8432,7.145751,-0.924864,153.8396,7.079882,-1.259439,158.8133,6.691841,-3.606256,143.0361,6.76644,-12.17626,143.3339,18.58253,-38.46231,139.4455,23.35921,-64.06796,134.9052,23.34251,2.1885,143.0618,7.02737,16.69315,144.3216,8.127473,42.0387,140.6859,16.69551,64.01067,136.0033,29.78399,1.731894E+09
1.254869,90.99196,8.344932,-8.433127,90.53864,8.338194,-6.797828,46.63487,7.34449,-4.9696,8.015769,5.934596,10.93713,91.44152,8.3698,11.42273,47.40754,6.926221,10.78798,8.115726,4.912602,0.7569873,99.04243,7.401806,-0.1966688,116.9672,6.347826,-0.6274514,129.7209,6.330046,-0.7437203,148.8432,7.145751,-0.924864,153.8396,7.079882,-1.259439,158.8133,6.691841,-3.606256,143.0361,6.76644,-12.17626,143.3339,18.58253,-38.46231,139.4455,23.35921,-64.06796,134.9052,23.34251,2.1885,143.0618,7.02737,16.69315,144.3216,8.127473,42.0387,140.6859,16.69551,64.01067,136.0033,29.78399,1.731894E+09
1.254869,90.99196,8.344932,-8.433127,90.53864,8.338194,-6.797828,46.63487,7.34449,-4.9696,8.015769,5.934596,10.93713,91.44152,8.3698,11.42273,47.40754,6.926221,10.78798,8.115726,4.912602,0.7569873,99.04243,7.401806,-0.1966688,116.9672,6.347826,-0.6274514,129.7209,6.330046,-0.7437203,148.8432,7.145751,-0.924864,153.8396,7.079882,-1.259439,158.8133,6.691841,-3.606256,143.0361,6.76644,-12.17626,143.3339,18.58253,-38.46231,139.4455,23.35921,-64.06796,134.9052,23.34251,2.1885,143.0618,7.02737,16.69315,144.3216,8.127473,42.0387,140.6859,16.69551,64.01067,136.0033,29.78399,1.731894E+09
1.296222,90.99223,8.269978,-8.396303,90.54541,8.270718,-6.773244,46.64029,7.309571,-4.962617,8.018513,5.932069,10.97865,91.43971,8.288364,11.43006,47.40461,6.888186,10.78457,8.114483,4.91208,0.8029807,99.04372,7.342059,-0.1543799,116.9686,6.306885,-0.6020241,129.7204,6.289496,-0.7645634,148.8429,7.09259,-0.9520501,153.8391,7.028003,-1.284984,158.8137,6.6477,-3.608313,143.0268,6.709926,-12.21979,143.2546,18.49652,-38.48743,139.3276,23.34282,-64.08676,134.7623,23.40132,2.182875,143.0667,6.988008,16.68554,144.3055,8.129324,42.00798,140.6734,16.7649,63.93791,136.0093,29.92988,1.731894E+09
1.296222,90.99223,8.269978,-8.396303,90.54541,8.270718,-6.773244,46.64029,7.309571,-4.962617,8.018513,5.932069,10.97865,91.43971,8.288364,11.43006,47.40461,6.888186,10.78457,8.114483,4.91208,0.8029807,99.04372,7.342059,-0.1543799,116.9686,6.306885,-0.6020241,129.7204,6.289496,-0.7645634,148.8429,7.09259,-0.9520501,153.8391,7.028003,-1.284984,158.8137,6.6477,-3.608313,143.0268,6.709926,-12.21979,143.2546,18.49652,-38.48743,139.3276,23.34282,-64.08676,134.7623,23.40132,2.182875,143.0667,6.988008,16.68554,144.3055,8.129324,42.00798,140.6734,16.7649,63.93791,136.0093,29.92988,1.731894E+09
1.296222,90.99223,8.269978,-8.396303,90.54541,8.270718,-6.773244,46.64029,7.309571,-4.962617,8.018513,5.932069,10.97865,91.43971,8.288364,11.43006,47.40461,6.888186,10.78457,8.114483,4.91208,0.8029807,99.04372,7.342059,-0.1543799,116.9686,6.306885,-0.6020241,129.7204,6.289496,-0.7645634,148.8429,7.09259,-0.9520501,153.8391,7.028003,-1.284984,158.8137,6.6477,-3.608313,143.0268,6.709926,-12.21979,143.2546,18.49652,-38.48743,139.3276,23.34282,-64.08676,134.7623,23.40132,2.182875,143.0667,6.988008,16.68554,144.3055,8.129324,42.00798,140.6734,16.7649,63.93791,136.0093,29.92988,1.731894E+09
1.32179,90.99354,8.199991,-8.375558,90.55173,8.203165,-6.755866,46.64518,7.282954,-4.958628,8.020168,5.930525,11.01296,91.43756,8.207749,11.43341,47.40118,6.854608,10.78653,8.112497,4.910844,0.831632,99.04616,7.28302,-0.1253152,116.9717,6.263188,-0.581502,129.7228,6.251663,-0.7713017,148.8449,7.055727,-0.9599777,153.8412,6.994508,-1.286795,158.8167,6.621623,-3.607118,143.0258,6.667408,-12.24694,143.1934,18.43189,-38.50516,139.2282,23.30342,-64.1039,134.6643,23.43378,2.184365,143.0721,6.956042,16.68585,144.3023,8.124528,41.99396,140.6667,16.80187,63.88157,136.032,30.04544,1.731894E+09
1.32179,90.99354,8.199991,-8.375558,90.55173,8.203165,-6.755866,46.64518,7.282954,-4.958628,8.020168,5.930525,11.01296,91.43756,8.207749,11.43341,47.40118,6.854608,10.78653,8.112497,4.910844,0.831632,99.04616,7.28302,-0.1253152,116.9717,6.263188,-0.581502,129.7228,6.251663,-0.7713017,148.8449,7.055727,-0.9599777,153.8412,6.994508,-1.286795,158.8167,6.621623,-3.607118,143.0258,6.667408,-12.24694,143.1934,18.43189,-38.50516,139.2282,23.30342,-64.1039,134.6643,23.43378,2.184365,143.0721,6.956042,16.68585,144.3023,8.124528,41.99396,140.6667,16.80187,63.88157,136.032,30.04544,1.731894E+09
1.32179,90.99354,8.199991,-8.375558,90.55173,8.203165,-6.755866,46.64518,7.282954,-4.958628,8.020168,5.930525,11.01296,91.43756,8.207749,11.43341,47.40118,6.854608,10.78653,8.112497,4.910844,0.831632,99.04616,7.28302,-0.1253152,116.9717,6.263188,-0.581502,129.7228,6.251663,-0.7713017,148.8449,7.055727,-0.9599777,153.8412,6.994508,-1.286795,158.8167,6.621623,-3.607118,143.0258,6.667408,-12.24694,143.1934,18.43189,-38.50516,139.2282,23.30342,-64.1039,134.6643,23.43378,2.184365,143.0721,6.956042,16.68585,144.3023,8.124528,41.99396,140.6667,16.80187,63.88157,136.032,30.04544,1.731894E+09
1.352266,90.99812,8.104738,-8.345929,90.56068,8.119648,-6.738197,46.65216,7.241136,-4.954523,8.021797,5.928824,11.04771,91.4327,8.105754,11.42914,47.39394,6.811785,10.77297,8.108875,4.906618,0.8649759,99.05365,7.197657,-0.09153487,116.9819,6.20015,-0.5564437,129.7344,6.203608,-0.7760246,148.8553,7.026359,-0.9642641,153.8515,6.971687,-1.283772,158.8278,6.605712,-3.602034,143.0385,6.624539,-12.27953,143.1398,18.36118,-38.52104,139.1242,23.28405,-64.10632,134.4882,23.48806,2.188943,143.0865,6.929875,16.6879,144.3148,8.130171,41.98108,140.6693,16.8478,63.80822,136.0602,30.20115,1.731894E+09
1.352266,90.99812,8.104738,-8.345929,90.56068,8.119648,-6.738197,46.65216,7.241136,-4.954523,8.021797,5.928824,11.04771,91.4327,8.105754,11.42914,47.39394,6.811785,10.77297,8.108875,4.906618,0.8649759,99.05365,7.197657,-0.09153487,116.9819,6.20015,-0.5564437,129.7344,6.203608,-0.7760246,148.8553,7.026359,-0.9642641,153.8515,6.971687,-1.283772,158.8278,6.605712,-3.602034,143.0385,6.624539,-12.27953,143.1398,18.36118,-38.52104,139.1242,23.28405,-64.10632,134.4882,23.48806,2.188943,143.0865,6.929875,16.6879,144.3148,8.130171,41.98108,140.6693,16.8478,63.80822,136.0602,30.20115,1.731894E+09
1.352266,90.99812,8.104738,-8.345929,90.56068,8.119648,-6.738197,46.65216,7.241136,-4.954523,8.021797,5.928824,11.04771,91.4327,8.105754,11.42914,47.39394,6.811785,10.77297,8.108875,4.906618,0.8649759,99.05365,7.197657,-0.09153487,116.9819,6.20015,-0.5564437,129.7344,6.203608,-0.7760246,148.8553,7.026359,-0.9642641,153.8515,6.971687,-1.283772,158.8278,6.605712,-3.602034,143.0385,6.624539,-12.27953,143.1398,18.36118,-38.52104,139.1242,23.28405,-64.10632,134.4882,23.48806,2.188943,143.0865,6.929875,16.6879,144.3148,8.130171,41.98108,140.6693,16.8478,63.80822,136.0602,30.20115,1.731894E+09
1.352266,90.99812,8.104738,-8.345929,90.56068,8.119648,-6.738197,46.65216,7.241136,-4.954523,8.021797,5.928824,11.04771,91.4327,8.105754,11.42914,47.39394,6.811785,10.77297,8.108875,4.906618,0.8649759,99.05365,7.197657,-0.09153487,116.9819,6.20015,-0.5564437,129.7344,6.203608,-0.7760246,148.8553,7.026359,-0.9642641,153.8515,6.971687,-1.283772,158.8278,6.605712,-3.602034,143.0385,6.624539,-12.27953,143.1398,18.36118,-38.52104,139.1242,23.28405,-64.10632,134.4882,23.48806,2.188943,143.0865,6.929875,16.6879,144.3148,8.130171,41.98108,140.6693,16.8478,63.80822,136.0602,30.20115,1.731894E+09
1.37839,91.00223,8.029937,-8.32036,90.56848,8.04446,-6.721007,46.65834,7.200939,-4.951503,8.023152,5.927832,11.08155,91.43166,8.029994,11.4293,47.39163,6.784167,10.7692,8.106133,4.904334,0.8916267,99.05965,7.136857,-0.06257349,116.9893,6.161983,-0.5299404,129.7422,6.178267,-0.7573646,148.8625,7.011934,-0.9439802,153.8589,6.962638,-1.257931,158.8362,6.604531,-3.582846,143.0437,6.603186,-12.27305,143.1,18.33266,-38.50471,139.0567,23.28675,-64.07747,134.3554,23.52494,2.209558,143.0955,6.916113,16.7084,144.313,8.125331,41.98326,140.6746,16.89748,63.77748,136.0768,30.3093,1.731894E+09
1.37839,91.00223,8.029937,-8.32036,90.56848,8.04446,-6.721007,46.65834,7.200939,-4.951503,8.023152,5.927832,11.08155,91.43166,8.029994,11.4293,47.39163,6.784167,10.7692,8.106133,4.904334,0.8916267,99.05965,7.136857,-0.06257349,116.9893,6.161983,-0.5299404,129.7422,6.178267,-0.7573646,148.8625,7.011934,-0.9439802,153.8589,6.962638,-1.257931,158.8362,6.604531,-3.582846,143.0437,6.603186,-12.27305,143.1,18.33266,-38.50471,139.0567,23.28675,-64.07747,134.3554,23.52494,2.209558,143.0955,6.916113,16.7084,144.313,8.125331,41.98326,140.6746,16.89748,63.77748,136.0768,30.3093,1.731894E+09
1.37839,91.00223,8.029937,-8.32036,90.56848,8.04446,-6.721007,46.65834,7.200939,-4.951503,8.023152,5.927832,11.08155,91.43166,8.029994,11.4293,47.39163,6.784167,10.7692,8.106133,4.904334,0.8916267,99.05965,7.136857,-0.06257349,116.9893,6.161983,-0.5299404,129.7422,6.178267,-0.7573646,148.8625,7.011934,-0.9439802,153.8589,6.962638,-1.257931,158.8362,6.604531,-3.582846,143.0437,6.603186,-12.27305,143.1,18.33266,-38.50471,139.0567,23.28675,-64.07747,134.3554,23.52494,2.209558,143.0955,6.916113,16.7084,144.313,8.125331,41.98326,140.6746,16.89748,63.77748,136.0768,30.3093,1.731894E+09
1.410215,91.00531,7.970769,-8.282528,90.57301,7.975512,-6.703227,46.66192,7.150449,-4.948466,8.02462,5.926234,11.10907,91.43299,7.971728,11.43105,47.3915,6.77055,10.76283,8.103105,4.902977,0.9222756,99.06302,7.0843,-0.02977527,116.9929,6.121638,-0.4939688,129.7448,6.148144,-0.7152975,148.8646,6.994804,-0.9014769,153.861,6.951089,-1.217657,158.8387,6.601123,-3.543932,143.0442,6.581231,-12.2435,143.0788,18.30515,-38.46881,139.017,23.27826,-64.03127,134.262,23.53391,2.247449,143.0977,6.897334,16.74737,144.304,8.102383,42.00478,140.6806,16.92943,63.7707,136.0873,30.38898,1.731894E+09
1.410215,91.00531,7.970769,-8.282528,90.57301,7.975512,-6.703227,46.66192,7.150449,-4.948466,8.02462,5.926234,11.10907,91.43299,7.971728,11.43105,47.3915,6.77055,10.76283,8.103105,4.902977,0.9222756,99.06302,7.0843,-0.02977527,116.9929,6.121638,-0.4939688,129.7448,6.148144,-0.7152975,148.8646,6.994804,-0.9014769,153.861,6.951089,-1.217657,158.8387,6.601123,-3.543932,143.0442,6.581231,-12.2435,143.0788,18.30515,-38.46881,139.017,23.27826,-64.03127,134.262,23.53391,2.247449,143.0977,6.897334,16.74737,144.304,8.102383,42.00478,140.6806,16.92943,63.7707,136.0873,30.38898,1.731894E+09
1.410215,91.00531,7.970769,-8.282528,90.57301,7.975512,-6.703227,46.66192,7.150449,-4.948466,8.02462,5.926234,11.10907,91.43299,7.971728,11.43105,47.3915,6.77055,10.76283,8.103105,4.902977,0.9222756,99.06302,7.0843,-0.02977527,116.9929,6.121638,-0.4939688,129.7448,6.148144,-0.7152975,148.8646,6.994804,-0.9014769,153.861,6.951089,-1.217657,158.8387,6.601123,-3.543932,143.0442,6.581231,-12.2435,143.0788,18.30515,-38.46881,139.017,23.27826,-64.03127,134.262,23.53391,2.247449,143.0977,6.897334,16.74737,144.304,8.102383,42.00478,140.6806,16.92943,63.7707,136.0873,30.38898,1.731894E+09
1.439992,91.00602,7.918581,-8.242428,90.57893,7.905188,-6.686548,46.66694,7.089379,-4.946271,8.025741,5.923574,11.1166,91.43106,7.932029,11.43229,47.38924,6.756897,10.7543,8.100842,4.902017,0.9587787,99.06458,7.045289,0.01599018,116.995,6.092821,-0.4437948,129.7471,6.113827,-0.6693324,148.8678,6.940511,-0.8565711,153.8641,6.895681,-1.173864,158.8421,6.549849,-3.496952,143.0477,6.531453,-12.1932,143.0529,18.25724,-38.40758,138.959,23.25796,-63.95497,134.1241,23.56474,2.295046,143.1008,6.849071,16.79569,144.3157,8.040676,42.02593,140.6753,16.93947,63.74468,136.0694,30.47042,1.731894E+09
1.439992,91.00602,7.918581,-8.242428,90.57893,7.905188,-6.686548,46.66694,7.089379,-4.946271,8.025741,5.923574,11.1166,91.43106,7.932029,11.43229,47.38924,6.756897,10.7543,8.100842,4.902017,0.9587787,99.06458,7.045289,0.01599018,116.995,6.092821,-0.4437948,129.7471,6.113827,-0.6693324,148.8678,6.940511,-0.8565711,153.8641,6.895681,-1.173864,158.8421,6.549849,-3.496952,143.0477,6.531453,-12.1932,143.0529,18.25724,-38.40758,138.959,23.25796,-63.95497,134.1241,23.56474,2.295046,143.1008,6.849071,16.79569,144.3157,8.040676,42.02593,140.6753,16.93947,63.74468,136.0694,30.47042,1.731894E+09
1.439992,91.00602,7.918581,-8.242428,90.57893,7.905188,-6.686548,46.66694,7.089379,-4.946271,8.025741,5.923574,11.1166,91.43106,7.932029,11.43229,47.38924,6.756897,10.7543,8.100842,4.902017,0.9587787,99.06458,7.045289,0.01599018,116.995,6.092821,-0.4437948,129.7471,6.113827,-0.6693324,148.8678,6.940511,-0.8565711,153.8641,6.895681,-1.173864,158.8421,6.549849,-3.496952,143.0477,6.531453,-12.1932,143.0529,18.25724,-38.40758,138.959,23.25796,-63.95497,134.1241,23.56474,2.295046,143.1008,6.849071,16.79569,144.3157,8.040676,42.02593,140.6753,16.93947,63.74468,136.0694,30.47042,1.731894E+09
1.439992,91.00602,7.918581,-8.242428,90.57893,7.905188,-6.686548,46.66694,7.089379,-4.946271,8.025741,5.923574,11.1166,91.43106,7.932029,11.43229,47.38924,6.756897,10.7543,8.100842,4.902017,0.9587787,99.06458,7.045289,0.01599018,116.995,6.092821,-0.4437948,129.7471,6.113827,-0.6693324,148.8678,6.940511,-0.8565711,153.8641,6.895681,-1.173864,158.8421,6.549849,-3.496952,143.0477,6.531453,-12.1932,143.0529,18.25724,-38.40758,138.959,23.25796,-63.95497,134.1241,23.56474,2.295046,143.1008,6.849071,16.79569,144.3157,8.040676,42.02593,140.6753,16.93947,63.74468,136.0694,30.47042,1.731894E+09
1.454235,91.00607,7.889761,-8.226767,90.58288,7.862576,-6.681592,46.67024,7.056748,-4.94609,8.0264,5.922533,11.11138,91.42893,7.911929,11.43271,47.38745,6.739524,10.74668,8.100015,4.901983,0.9813882,99.06538,7.024405,0.04742157,116.996,6.069974,-0.4101792,129.748,6.077936,-0.6483925,148.8697,6.875199,-0.8384563,153.8659,6.825824,-1.157628,158.8436,6.478778,-3.47148,143.0473,6.471307,-12.16915,143.0179,18.19458,-38.36719,138.8778,23.2396,-63.9024,133.9761,23.6132,2.319904,143.104,6.797145,16.82018,144.3363,7.977468,42.02938,140.6726,16.92748,63.70412,136.0452,30.51979,1.731894E+09
1.454235,91.00607,7.889761,-8.226767,90.58288,7.862576,-6.681592,46.67024,7.056748,-4.94609,8.0264,5.922533,11.11138,91.42893,7.911929,11.43271,47.38745,6.739524,10.74668,8.100015,4.901983,0.9813882,99.06538,7.024405,0.04742157,116.996,6.069974,-0.4101792,129.748,6.077936,-0.6483925,148.8697,6.875199,-0.8384563,153.8659,6.825824,-1.157628,158.8436,6.478778,-3.47148,143.0473,6.471307,-12.16915,143.0179,18.19458,-38.36719,138.8778,23.2396,-63.9024,133.9761,23.6132,2.319904,143.104,6.797145,16.82018,144.3363,7.977468,42.02938,140.6726,16.92748,63.70412,136.0452,30.51979,1.731894E+09
1.454235,91.00607,7.889761,-8.226767,90.58288,7.862576,-6.681592,46.67024,7.056748,-4.94609,8.0264,5.922533,11.11138,91.42893,7.911929,11.43271,47.38745,6.739524,10.74668,8.100015,4.901983,0.9813882,99.06538,7.024405,0.04742157,116.996,6.069974,-0.4101792,129.748,6.077936,-0.6483925,148.8697,6.875199,-0.8384563,153.8659,6.825824,-1.157628,158.8436,6.478778,-3.47148,143.0473,6.471307,-12.16915,143.0179,18.19458,-38.36719,138.8778,23.2396,-63.9024,133.9761,23.6132,2.319904,143.104,6.797145,16.82018,144.3363,7.977468,42.02938,140.6726,16.92748,63.70412,136.0452,30.51979,1.731894E+09
1.453625,91.005,7.858454,-8.232888,90.58365,7.828369,-6.682629,46.67092,7.040968,-4.946147,8.026352,5.922497,11.1034,91.42825,7.874081,11.42111,47.38642,6.725468,10.73479,8.099798,4.902596,0.983885,99.064,6.997333,0.05498319,116.9935,6.028434,-0.3984417,129.7446,6.014815,-0.6386569,148.8685,6.760202,-0.8297901,153.8646,6.701639,-1.151338,158.8418,6.349833,-3.458508,143.0424,6.368104,-12.14625,142.9818,18.09578,-38.32212,138.779,23.20217,-63.84591,133.8361,23.67867,2.329987,143.1042,6.70166,16.82904,144.3671,7.86452,42.00876,140.6801,16.89093,63.62934,135.9878,30.54803,1.731894E+09
1.453625,91.005,7.858454,-8.232888,90.58365,7.828369,-6.682629,46.67092,7.040968,-4.946147,8.026352,5.922497,11.1034,91.42825,7.874081,11.42111,47.38642,6.725468,10.73479,8.099798,4.902596,0.983885,99.064,6.997333,0.05498319,116.9935,6.028434,-0.3984417,129.7446,6.014815,-0.6386569,148.8685,6.760202,-0.8297901,153.8646,6.701639,-1.151338,158.8418,6.349833,-3.458508,143.0424,6.368104,-12.14625,142.9818,18.09578,-38.32212,138.779,23.20217,-63.84591,133.8361,23.67867,2.329987,143.1042,6.70166,16.82904,144.3671,7.86452,42.00876,140.6801,16.89093,63.62934,135.9878,30.54803,1.731894E+09
1.453625,91.005,7.858454,-8.232888,90.58365,7.828369,-6.682629,46.67092,7.040968,-4.946147,8.026352,5.922497,11.1034,91.42825,7.874081,11.42111,47.38642,6.725468,10.73479,8.099798,4.902596,0.983885,99.064,6.997333,0.05498319,116.9935,6.028434,-0.3984417,129.7446,6.014815,-0.6386569,148.8685,6.760202,-0.8297901,153.8646,6.701639,-1.151338,158.8418,6.349833,-3.458508,143.0424,6.368104,-12.14625,142.9818,18.09578,-38.32212,138.779,23.20217,-63.84591,133.8361,23.67867,2.329987,143.1042,6.70166,16.82904,144.3671,7.86452,42.00876,140.6801,16.89093,63.62934,135.9878,30.54803,1.731894E+09
1.427371,91.00477,7.839596,-8.266444,90.58117,7.812054,-6.688648,46.6691,7.040737,-4.949366,8.024887,5.923914,11.07448,91.43066,7.852618,11.40024,47.38871,6.71214,10.72434,8.101396,4.904377,0.9566763,99.06251,6.966214,0.02744339,116.9905,5.967794,-0.421812,129.7421,5.930514,-0.654437,148.8676,6.633554,-0.8424621,153.8637,6.566274,-1.160327,158.8407,6.208436,-3.474798,143.042,6.252843,-12.15505,142.9488,17.98793,-38.32032,138.7116,23.12413,-63.84092,133.7668,23.6991,2.313044,143.1028,6.589869,16.81123,144.3834,7.743219,41.96651,140.6783,16.8279,63.53699,135.9258,30.54461,1.731894E+09
1.427371,91.00477,7.839596,-8.266444,90.58117,7.812054,-6.688648,46.6691,7.040737,-4.949366,8.024887,5.923914,11.07448,91.43066,7.852618,11.40024,47.38871,6.71214,10.72434,8.101396,4.904377,0.9566763,99.06251,6.966214,0.02744339,116.9905,5.967794,-0.421812,129.7421,5.930514,-0.654437,148.8676,6.633554,-0.8424621,153.8637,6.566274,-1.160327,158.8407,6.208436,-3.474798,143.042,6.252843,-12.15505,142.9488,17.98793,-38.32032,138.7116,23.12413,-63.84092,133.7668,23.6991,2.313044,143.1028,6.589869,16.81123,144.3834,7.743219,41.96651,140.6783,16.8279,63.53699,135.9258,30.54461,1.731894E+09
1.427371,91.00477,7.839596,-8.266444,90.58117,7.812054,-6.688648,46.6691,7.040737,-4.949366,8.024887,5.923914,11.07448,91.43066,7.852618,11.40024,47.38871,6.71214,10.72434,8.101396,4.904377,0.9566763,99.06251,6.966214,0.02744339,116.9905,5.967794,-0.421812,129.7421,5.930514,-0.654437,148.8676,6.633554,-0.8424621,153.8637,6.566274,-1.160327,158.8407,6.208436,-3.474798,143.042,6.252843,-12.15505,142.9488,17.98793,-38.32032,138.7116,23.12413,-63.84092,133.7668,23.6991,2.313044,143.1028,6.589869,16.81123,144.3834,7.743219,41.96651,140.6783,16.8279,63.53699,135.9258,30.54461,1.731894E+09
1.402016,91.00449,7.831412,-8.290745,90.57896,7.805304,-6.697262,46.66734,7.039696,-4.9517,8.024073,5.924501,11.04809,91.43192,7.84872,11.38299,47.39009,6.703839,10.71894,8.102327,4.905286,0.9299012,99.06139,6.948707,-0.0008232598,116.9883,5.932328,-0.4495209,129.74,5.881002,-0.6785057,148.8663,6.563136,-0.8643168,153.8624,6.490752,-1.178203,158.8393,6.128084,-3.500484,143.0419,6.188306,-12.17792,142.929,17.9262,-38.33741,138.6762,23.07974,-63.85575,133.7285,23.70457,2.287251,143.0994,6.525322,16.78438,144.3872,7.677198,41.92915,140.6808,16.78775,63.48741,135.9362,30.52616,1.731894E+09
1.402016,91.00449,7.831412,-8.290745,90.57896,7.805304,-6.697262,46.66734,7.039696,-4.9517,8.024073,5.924501,11.04809,91.43192,7.84872,11.38299,47.39009,6.703839,10.71894,8.102327,4.905286,0.9299012,99.06139,6.948707,-0.0008232598,116.9883,5.932328,-0.4495209,129.74,5.881002,-0.6785057,148.8663,6.563136,-0.8643168,153.8624,6.490752,-1.178203,158.8393,6.128084,-3.500484,143.0419,6.188306,-12.17792,142.929,17.9262,-38.33741,138.6762,23.07974,-63.85575,133.7285,23.70457,2.287251,143.0994,6.525322,16.78438,144.3872,7.677198,41.92915,140.6808,16.78775,63.48741,135.9362,30.52616,1.731894E+09
1.402016,91.00449,7.831412,-8.290745,90.57896,7.805304,-6.697262,46.66734,7.039696,-4.9517,8.024073,5.924501,11.04809,91.43192,7.84872,11.38299,47.39009,6.703839,10.71894,8.102327,4.905286,0.9299012,99.06139,6.948707,-0.0008232598,116.9883,5.932328,-0.4495209,129.74,5.881002,-0.6785057,148.8663,6.563136,-0.8643168,153.8624,6.490752,-1.178203,158.8393,6.128084,-3.500484,143.0419,6.188306,-12.17792,142.929,17.9262,-38.33741,138.6762,23.07974,-63.85575,133.7285,23.70457,2.287251,143.0994,6.525322,16.78438,144.3872,7.677198,41.92915,140.6808,16.78775,63.48741,135.9362,30.52616,1.731894E+09
1.402016,91.00449,7.831412,-8.290745,90.57896,7.805304,-6.697262,46.66734,7.039696,-4.9517,8.024073,5.924501,11.04809,91.43192,7.84872,11.38299,47.39009,6.703839,10.71894,8.102327,4.905286,0.9299012,99.06139,6.948707,-0.0008232598,116.9883,5.932328,-0.4495209,129.74,5.881002,-0.6785057,148.8663,6.563136,-0.8643168,153.8624,6.490752,-1.178203,158.8393,6.128084,-3.500484,143.0419,6.188306,-12.17792,142.929,17.9262,-38.33741,138.6762,23.07974,-63.85575,133.7285,23.70457,2.287251,143.0994,6.525322,16.78438,144.3872,7.677198,41.92915,140.6808,16.78775,63.48741,135.9362,30.52616,1.731894E+09
1.360227,91.00601,7.812499,-8.325359,90.57762,7.793967,-6.716791,46.66627,7.032289,-4.955481,8.022567,5.925256,11.00973,91.43394,7.838728,11.35689,47.39196,6.69391,10.71055,8.102409,4.906002,0.8851719,99.06293,6.922166,-0.04830477,116.9892,5.885894,-0.4990768,129.7415,5.811876,-0.7296602,148.869,6.461161,-0.9124197,153.865,6.379661,-1.218786,158.8416,6.007005,-3.551908,143.0444,6.096084,-12.22193,142.8979,17.84033,-38.37317,138.6255,23.02075,-63.88557,133.6617,23.72328,2.237729,143.1018,6.431108,16.73556,144.383,7.582842,41.87506,140.6911,16.71321,63.41117,135.9741,30.49528,1.731894E+09
1.360227,91.00601,7.812499,-8.325359,90.57762,7.793967,-6.716791,46.66627,7.032289,-4.955481,8.022567,5.925256,11.00973,91.43394,7.838728,11.35689,47.39196,6.69391,10.71055,8.102409,4.906002,0.8851719,99.06293,6.922166,-0.04830477,116.9892,5.885894,-0.4990768,129.7415,5.811876,-0.7296602,148.869,6.461161,-0.9124197,153.865,6.379661,-1.218786,158.8416,6.007005,-3.551908,143.0444,6.096084,-12.22193,142.8979,17.84033,-38.37317,138.6255,23.02075,-63.88557,133.6617,23.72328,2.237729,143.1018,6.431108,16.73556,144.383,7.582842,41.87506,140.6911,16.71321,63.41117,135.9741,30.49528,1.731894E+09
1.360227,91.00601,7.812499,-8.325359,90.57762,7.793967,-6.716791,46.66627,7.032289,-4.955481,8.022567,5.925256,11.00973,91.43394,7.838728,11.35689,47.39196,6.69391,10.71055,8.102409,4.906002,0.8851719,99.06293,6.922166,-0.04830477,116.9892,5.885894,-0.4990768,129.7415,5.811876,-0.7296602,148.869,6.461161,-0.9124197,153.865,6.379661,-1.218786,158.8416,6.007005,-3.551908,143.0444,6.096084,-12.22193,142.8979,17.84033,-38.37317,138.6255,23.02075,-63.88557,133.6617,23.72328,2.237729,143.1018,6.431108,16.73556,144.383,7.582842,41.87506,140.6911,16.71321,63.41117,135.9741,30.49528,1.731894E+09
1.328838,91.00712,7.792567,-8.356605,90.57691,7.774396,-6.729857,46.66582,7.027208,-4.957156,8.021894,5.925761,10.98771,91.43533,7.825447,11.3344,47.39289,6.691473,10.7014,8.102397,4.906696,0.8502517,99.06432,6.902698,-0.08477714,116.9901,5.855714,-0.5358184,129.7426,5.764042,-0.7632126,148.8712,6.380392,-0.9441344,153.8672,6.291274,-1.247775,158.8436,5.912158,-3.587735,143.0464,6.026011,-12.252,142.8702,17.7743,-38.3956,138.5839,22.98251,-63.90376,133.603,23.74621,2.202715,143.1033,6.359621,16.7019,144.3701,7.507819,41.84018,140.6879,16.6455,63.35822,135.9902,30.46191,1.731894E+09
1.328838,91.00712,7.792567,-8.356605,90.57691,7.774396,-6.729857,46.66582,7.027208,-4.957156,8.021894,5.925761,10.98771,91.43533,7.825447,11.3344,47.39289,6.691473,10.7014,8.102397,4.906696,0.8502517,99.06432,6.902698,-0.08477714,116.9901,5.855714,-0.5358184,129.7426,5.764042,-0.7632126,148.8712,6.380392,-0.9441344,153.8672,6.291274,-1.247775,158.8436,5.912158,-3.587735,143.0464,6.026011,-12.252,142.8702,17.7743,-38.3956,138.5839,22.98251,-63.90376,133.603,23.74621,2.202715,143.1033,6.359621,16.7019,144.3701,7.507819,41.84018,140.6879,16.6455,63.35822,135.9902,30.46191,1.731894E+09
1.328838,91.00712,7.792567,-8.356605,90.57691,7.774396,-6.729857,46.66582,7.027208,-4.957156,8.021894,5.925761,10.98771,91.43533,7.825447,11.3344,47.39289,6.691473,10.7014,8.102397,4.906696,0.8502517,99.06432,6.902698,-0.08477714,116.9901,5.855714,-0.5358184,129.7426,5.764042,-0.7632126,148.8712,6.380392,-0.9441344,153.8672,6.291274,-1.247775,158.8436,5.912158,-3.587735,143.0464,6.026011,-12.252,142.8702,17.7743,-38.3956,138.5839,22.98251,-63.90376,133.603,23.74621,2.202715,143.1033,6.359621,16.7019,144.3701,7.507819,41.84018,140.6879,16.6455,63.35822,135.9902,30.46191,1.731894E+09
1.293565,91.0058,7.768132,-8.393883,90.57579,7.755973,-6.743731,46.66518,7.023021,-4.957147,8.02182,5.925611,10.96375,91.43498,7.8015,11.30914,47.39225,6.685299,10.6915,8.101797,4.907061,0.8119115,99.06324,6.881756,-0.1223459,116.9887,5.826221,-0.5699243,129.7408,5.716496,-0.786209,148.8709,6.294515,-0.9662908,153.8667,6.198486,-1.271829,158.8428,5.81632,-3.615543,143.045,5.953845,-12.27312,142.8329,17.70615,-38.40786,138.5387,22.95426,-63.91468,133.5593,23.7817,2.175037,143.1014,6.284566,16.67653,144.3542,7.421871,41.81301,140.6734,16.56665,63.30335,135.9836,30.42953,1.731894E+09
1.293565,91.0058,7.768132,-8.393883,90.57579,7.755973,-6.743731,46.66518,7.023021,-4.957147,8.02182,5.925611,10.96375,91.43498,7.8015,11.30914,47.39225,6.685299,10.6915,8.101797,4.907061,0.8119115,99.06324,6.881756,-0.1223459,116.9887,5.826221,-0.5699243,129.7408,5.716496,-0.786209,148.8709,6.294515,-0.9662908,153.8667,6.198486,-1.271829,158.8428,5.81632,-3.615543,143.045,5.953845,-12.27312,142.8329,17.70615,-38.40786,138.5387,22.95426,-63.91468,133.5593,23.7817,2.175037,143.1014,6.284566,16.67653,144.3542,7.421871,41.81301,140.6734,16.56665,63.30335,135.9836,30.42953,1.731894E+09
1.293565,91.0058,7.768132,-8.393883,90.57579,7.755973,-6.743731,46.66518,7.023021,-4.957147,8.02182,5.925611,10.96375,91.43498,7.8015,11.30914,47.39225,6.685299,10.6915,8.101797,4.907061,0.8119115,99.06324,6.881756,-0.1223459,116.9887,5.826221,-0.5699243,129.7408,5.716496,-0.786209,148.8709,6.294515,-0.9662908,153.8667,6.198486,-1.271829,158.8428,5.81632,-3.615543,143.045,5.953845,-12.27312,142.8329,17.70615,-38.40786,138.5387,22.95426,-63.91468,133.5593,23.7817,2.175037,143.1014,6.284566,16.67653,144.3542,7.421871,41.81301,140.6734,16.56665,63.30335,135.9836,30.42953,1.731894E+09
1.293565,91.0058,7.768132,-8.393883,90.57579,7.755973,-6.743731,46.66518,7.023021,-4.957147,8.02182,5.925611,10.96375,91.43498,7.8015,11.30914,47.39225,6.685299,10.6915,8.101797,4.907061,0.8119115,99.06324,6.881756,-0.1223459,116.9887,5.826221,-0.5699243,129.7408,5.716496,-0.786209,148.8709,6.294515,-0.9662908,153.8667,6.198486,-1.271829,158.8428,5.81632,-3.615543,143.045,5.953845,-12.27312,142.8329,17.70615,-38.40786,138.5387,22.95426,-63.91468,133.5593,23.7817,2.175037,143.1014,6.284566,16.67653,144.3542,7.421871,41.81301,140.6734,16.56665,63.30335,135.9836,30.42953,1.731894E+09
1.269164,91.00787,7.725648,-8.420005,90.57797,7.726231,-6.755636,46.66702,7.016701,-4.95672,8.022284,5.92487,10.95374,91.43421,7.75737,11.28554,47.39071,6.671887,10.68268,8.100253,4.906849,0.7849799,99.06667,6.843608,-0.1470135,116.993,5.792837,-0.590699,129.7459,5.679321,-0.7909822,148.8764,6.246914,-0.9708459,153.8722,6.147243,-1.280934,158.8475,5.759218,-3.628091,143.058,5.911022,-12.26326,142.781,17.67718,-38.38817,138.4684,22.96055,-63.88856,133.467,23.85778,2.166156,143.1044,6.234559,16.67091,144.3364,7.358936,41.79728,140.6351,16.52546,63.25172,135.9093,30.4317,1.731894E+09
1.269164,91.00787,7.725648,-8.420005,90.57797,7.726231,-6.755636,46.66702,7.016701,-4.95672,8.022284,5.92487,10.95374,91.43421,7.75737,11.28554,47.39071,6.671887,10.68268,8.100253,4.906849,0.7849799,99.06667,6.843608,-0.1470135,116.993,5.792837,-0.590699,129.7459,5.679321,-0.7909822,148.8764,6.246914,-0.9708459,153.8722,6.147243,-1.280934,158.8475,5.759218,-3.628091,143.058,5.911022,-12.26326,142.781,17.67718,-38.38817,138.4684,22.96055,-63.88856,133.467,23.85778,2.166156,143.1044,6.234559,16.67091,144.3364,7.358936,41.79728,140.6351,16.52546,63.25172,135.9093,30.4317,1.731894E+09
1.269164,91.00787,7.725648,-8.420005,90.57797,7.726231,-6.755636,46.66702,7.016701,-4.95672,8.022284,5.92487,10.95374,91.43421,7.75737,11.28554,47.39071,6.671887,10.68268,8.100253,4.906849,0.7849799,99.06667,6.843608,-0.1470135,116.993,5.792837,-0.590699,129.7459,5.679321,-0.7909822,148.8764,6.246914,-0.9708459,153.8722,6.147243,-1.280934,158.8475,5.759218,-3.628091,143.058,5.911022,-12.26326,142.781,17.67718,-38.38817,138.4684,22.96055,-63.88856,133.467,23.85778,2.166156,143.1044,6.234559,16.67091,144.3364,7.358936,41.79728,140.6351,16.52546,63.25172,135.9093,30.4317,1.731894E+09
1.25914,91.01046,7.676437,-8.433726,90.58137,7.687808,-6.759986,46.66975,7.008101,-4.956148,8.022738,5.923349,10.95934,91.43331,7.705017,11.26885,47.38896,6.652705,10.67786,8.098861,4.906388,0.772388,99.0706,6.796954,-0.1546926,116.9988,5.760841,-0.5899016,129.7526,5.660046,-0.7655939,148.8827,6.250361,-0.9461661,153.8784,6.15311,-1.266726,158.8527,5.761953,-3.611809,143.0638,5.913937,-12.21395,142.755,17.70386,-38.33146,138.4132,23.00147,-63.82687,133.3946,23.93594,2.183033,143.1109,6.224747,16.69359,144.2922,7.337617,41.80378,140.5657,16.53907,63.21693,135.7671,30.48455,1.731894E+09
1.25914,91.01046,7.676437,-8.433726,90.58137,7.687808,-6.759986,46.66975,7.008101,-4.956148,8.022738,5.923349,10.95934,91.43331,7.705017,11.26885,47.38896,6.652705,10.67786,8.098861,4.906388,0.772388,99.0706,6.796954,-0.1546926,116.9988,5.760841,-0.5899016,129.7526,5.660046,-0.7655939,148.8827,6.250361,-0.9461661,153.8784,6.15311,-1.266726,158.8527,5.761953,-3.611809,143.0638,5.913937,-12.21395,142.755,17.70386,-38.33146,138.4132,23.00147,-63.82687,133.3946,23.93594,2.183033,143.1109,6.224747,16.69359,144.2922,7.337617,41.80378,140.5657,16.53907,63.21693,135.7671,30.48455,1.731894E+09
1.25914,91.01046,7.676437,-8.433726,90.58137,7.687808,-6.759986,46.66975,7.008101,-4.956148,8.022738,5.923349,10.95934,91.43331,7.705017,11.26885,47.38896,6.652705,10.67786,8.098861,4.906388,0.772388,99.0706,6.796954,-0.1546926,116.9988,5.760841,-0.5899016,129.7526,5.660046,-0.7655939,148.8827,6.250361,-0.9461661,153.8784,6.15311,-1.266726,158.8527,5.761953,-3.611809,143.0638,5.913937,-12.21395,142.755,17.70386,-38.33146,138.4132,23.00147,-63.82687,133.3946,23.93594,2.183033,143.1109,6.224747,16.69359,144.2922,7.337617,41.80378,140.5657,16.53907,63.21693,135.7671,30.48455,1.731894E+09
1.2586,91.01479,7.630315,-8.434825,90.58537,7.660673,-6.760206,46.67316,6.994945,-4.95432,8.024184,5.920877,10.96899,91.43442,7.640555,11.26018,47.38889,6.627497,10.67587,8.09652,4.905472,0.7678609,99.07645,6.754906,-0.1541829,117.0067,5.731781,-0.5768495,129.7628,5.64452,-0.7173076,148.8926,6.254619,-0.8993134,153.8882,6.159666,-1.235062,158.8613,5.7672,-3.57678,143.0793,5.919297,-12.1426,142.7413,17.73452,-38.24714,138.371,23.06912,-63.72415,133.2576,24.0495,2.218891,143.1197,6.213129,16.73583,144.214,7.343623,41.81668,140.4549,16.61024,63.18642,135.5886,30.59877,1.731894E+09
1.2586,91.01479,7.630315,-8.434825,90.58537,7.660673,-6.760206,46.67316,6.994945,-4.95432,8.024184,5.920877,10.96899,91.43442,7.640555,11.26018,47.38889,6.627497,10.67587,8.09652,4.905472,0.7678609,99.07645,6.754906,-0.1541829,117.0067,5.731781,-0.5768495,129.7628,5.64452,-0.7173076,148.8926,6.254619,-0.8993134,153.8882,6.159666,-1.235062,158.8613,5.7672,-3.57678,143.0793,5.919297,-12.1426,142.7413,17.73452,-38.24714,138.371,23.06912,-63.72415,133.2576,24.0495,2.218891,143.1197,6.213129,16.73583,144.214,7.343623,41.81668,140.4549,16.61024,63.18642,135.5886,30.59877,1.731894E+09
1.2586,91.01479,7.630315,-8.434825,90.58537,7.660673,-6.760206,46.67316,6.994945,-4.95432,8.024184,5.920877,10.96899,91.43442,7.640555,11.26018,47.38889,6.627497,10.67587,8.09652,4.905472,0.7678609,99.07645,6.754906,-0.1541829,117.0067,5.731781,-0.5768495,129.7628,5.64452,-0.7173076,148.8926,6.254619,-0.8993134,153.8882,6.159666,-1.235062,158.8613,5.7672,-3.57678,143.0793,5.919297,-12.1426,142.7413,17.73452,-38.24714,138.371,23.06912,-63.72415,133.2576,24.0495,2.218891,143.1197,6.213129,16.73583,144.214,7.343623,41.81668,140.4549,16.61024,63.18642,135.5886,30.59877,1.731894E+09
1.2586,91.01479,7.630315,-8.434825,90.58537,7.660673,-6.760206,46.67316,6.994945,-4.95432,8.024184,5.920877,10.96899,91.43442,7.640555,11.26018,47.38889,6.627497,10.67587,8.09652,4.905472,0.7678609,99.07645,6.754906,-0.1541829,117.0067,5.731781,-0.5768495,129.7628,5.64452,-0.7173076,148.8926,6.254619,-0.8993134,153.8882,6.159666,-1.235062,158.8613,5.7672,-3.57678,143.0793,5.919297,-12.1426,142.7413,17.73452,-38.24714,138.371,23.06912,-63.72415,133.2576,24.0495,2.218891,143.1197,6.213129,16.73583,144.214,7.343623,41.81668,140.4549,16.61024,63.18642,135.5886,30.59877,1.731894E+09
1.267293,91.01952,7.595673,-8.428214,90.58917,7.645611,-6.755875,46.67672,6.980525,-4.951313,8.026138,5.917516,10.97591,91.4388,7.581229,11.25738,47.39247,6.608802,10.66934,8.094736,4.908338,0.7763016,99.08145,6.721533,-0.1408595,117.0123,5.708044,-0.5508472,129.7686,5.632507,-0.6611083,148.8981,6.260626,-0.8432373,153.8938,6.167463,-1.188105,158.8662,5.773325,-3.527735,143.088,5.926745,-12.06098,142.7239,17.76547,-38.14664,138.3199,23.15903,-63.60841,133.1394,24.19327,2.265541,143.1185,6.206506,16.78556,144.1398,7.354281,41.82756,140.3338,16.70682,63.12718,135.3718,30.76826,1.731894E+09
1.267293,91.01952,7.595673,-8.428214,90.58917,7.645611,-6.755875,46.67672,6.980525,-4.951313,8.026138,5.917516,10.97591,91.4388,7.581229,11.25738,47.39247,6.608802,10.66934,8.094736,4.908338,0.7763016,99.08145,6.721533,-0.1408595,117.0123,5.708044,-0.5508472,129.7686,5.632507,-0.6611083,148.8981,6.260626,-0.8432373,153.8938,6.167463,-1.188105,158.8662,5.773325,-3.527735,143.088,5.926745,-12.06098,142.7239,17.76547,-38.14664,138.3199,23.15903,-63.60841,133.1394,24.19327,2.265541,143.1185,6.206506,16.78556,144.1398,7.354281,41.82756,140.3338,16.70682,63.12718,135.3718,30.76826,1.731894E+09
1.267293,91.01952,7.595673,-8.428214,90.58917,7.645611,-6.755875,46.67672,6.980525,-4.951313,8.026138,5.917516,10.97591,91.4388,7.581229,11.25738,47.39247,6.608802,10.66934,8.094736,4.908338,0.7763016,99.08145,6.721533,-0.1408595,117.0123,5.708044,-0.5508472,129.7686,5.632507,-0.6611083,148.8981,6.260626,-0.8432373,153.8938,6.167463,-1.188105,158.8662,5.773325,-3.527735,143.088,5.926745,-12.06098,142.7239,17.76547,-38.14664,138.3199,23.15903,-63.60841,133.1394,24.19327,2.265541,143.1185,6.206506,16.78556,144.1398,7.354281,41.82756,140.3338,16.70682,63.12718,135.3718,30.76826,1.731894E+09
1.288091,91.02114,7.555316,-8.416734,90.59036,7.620438,-6.747751,46.67786,6.966248,-4.948899,8.027667,5.91462,10.99135,91.44005,7.521729,11.2565,47.39223,6.589566,10.67004,8.093106,4.90857,0.7991367,99.08351,6.68275,-0.1148348,117.0154,5.681692,-0.5151752,129.7722,5.620317,-0.6057787,148.9012,6.271365,-0.7867715,153.897,6.183098,-1.132473,158.8698,5.792877,-3.476072,143.0937,5.9365,-11.97516,142.694,17.79713,-38.03616,138.2505,23.27514,-63.48599,133.0171,24.40071,2.315945,143.1149,6.206942,16.83827,144.0354,7.398714,41.82949,140.1895,16.86999,63.03532,135.1503,31.042,1.731894E+09
1.288091,91.02114,7.555316,-8.416734,90.59036,7.620438,-6.747751,46.67786,6.966248,-4.948899,8.027667,5.91462,10.99135,91.44005,7.521729,11.2565,47.39223,6.589566,10.67004,8.093106,4.90857,0.7991367,99.08351,6.68275,-0.1148348,117.0154,5.681692,-0.5151752,129.7722,5.620317,-0.6057787,148.9012,6.271365,-0.7867715,153.897,6.183098,-1.132473,158.8698,5.792877,-3.476072,143.0937,5.9365,-11.97516,142.694,17.79713,-38.03616,138.2505,23.27514,-63.48599,133.0171,24.40071,2.315945,143.1149,6.206942,16.83827,144.0354,7.398714,41.82949,140.1895,16.86999,63.03532,135.1503,31.042,1.731894E+09
1.288091,91.02114,7.555316,-8.416734,90.59036,7.620438,-6.747751,46.67786,6.966248,-4.948899,8.027667,5.91462,10.99135,91.44005,7.521729,11.2565,47.39223,6.589566,10.67004,8.093106,4.90857,0.7991367,99.08351,6.68275,-0.1148348,117.0154,5.681692,-0.5151752,129.7722,5.620317,-0.6057787,148.9012,6.271365,-0.7867715,153.897,6.183098,-1.132473,158.8698,5.792877,-3.476072,143.0937,5.9365,-11.97516,142.694,17.79713,-38.03616,138.2505,23.27514,-63.48599,133.0171,24.40071,2.315945,143.1149,6.206942,16.83827,144.0354,7.398714,41.82949,140.1895,16.86999,63.03532,135.1503,31.042,1.731894E+09
1.322178,91.01887,7.514176,-8.402077,90.5871,7.580672,-6.731686,46.67513,6.954513,-4.946888,8.028431,5.914272,11.02798,91.44187,7.464849,11.25439,47.39238,6.581167,10.66979,8.092476,4.908339,0.8344532,99.07978,6.640069,-0.0849882,117.0107,5.648987,-0.4874111,129.7656,5.607069,-0.5839713,148.8934,6.291672,-0.7645283,153.8894,6.211261,-1.105458,158.8631,5.828477,-3.44973,143.0859,5.943585,-11.91448,142.6619,17.82406,-37.94143,138.1652,23.41621,-63.37057,132.8741,24.66573,2.338414,143.1028,6.225405,16.8632,143.979,7.40535,41.80554,140.1203,17.00079,62.92745,135.032,31.28108,1.731894E+09
1.322178,91.01887,7.514176,-8.402077,90.5871,7.580672,-6.731686,46.67513,6.954513,-4.946888,8.028431,5.914272,11.02798,91.44187,7.464849,11.25439,47.39238,6.581167,10.66979,8.092476,4.908339,0.8344532,99.07978,6.640069,-0.0849882,117.0107,5.648987,-0.4874111,129.7656,5.607069,-0.5839713,148.8934,6.291672,-0.7645283,153.8894,6.211261,-1.105458,158.8631,5.828477,-3.44973,143.0859,5.943585,-11.91448,142.6619,17.82406,-37.94143,138.1652,23.41621,-63.37057,132.8741,24.66573,2.338414,143.1028,6.225405,16.8632,143.979,7.40535,41.80554,140.1203,17.00079,62.92745,135.032,31.28108,1.731894E+09
1.322178,91.01887,7.514176,-8.402077,90.5871,7.580672,-6.731686,46.67513,6.954513,-4.946888,8.028431,5.914272,11.02798,91.44187,7.464849,11.25439,47.39238,6.581167,10.66979,8.092476,4.908339,0.8344532,99.07978,6.640069,-0.0849882,117.0107,5.648987,-0.4874111,129.7656,5.607069,-0.5839713,148.8934,6.291672,-0.7645283,153.8894,6.211261,-1.105458,158.8631,5.828477,-3.44973,143.0859,5.943585,-11.91448,142.6619,17.82406,-37.94143,138.1652,23.41621,-63.37057,132.8741,24.66573,2.338414,143.1028,6.225405,16.8632,143.979,7.40535,41.80554,140.1203,17.00079,62.92745,135.032,31.28108,1.731894E+09
1.322178,91.01887,7.514176,-8.402077,90.5871,7.580672,-6.731686,46.67513,6.954513,-4.946888,8.028431,5.914272,11.02798,91.44187,7.464849,11.25439,47.39238,6.581167,10.66979,8.092476,4.908339,0.8344532,99.07978,6.640069,-0.0849882,117.0107,5.648987,-0.4874111,129.7656,5.607069,-0.5839713,148.8934,6.291672,-0.7645283,153.8894,6.211261,-1.105458,158.8631,5.828477,-3.44973,143.0859,5.943585,-11.91448,142.6619,17.82406,-37.94143,138.1652,23.41621,-63.37057,132.8741,24.66573,2.338414,143.1028,6.225405,16.8632,143.979,7.40535,41.80554,140.1203,17.00079,62.92745,135.032,31.28108,1.731894E+09
1.348377,91.01331,7.485734,-8.389468,90.583,7.550188,-6.717113,46.6716,6.943403,-4.945292,8.028669,5.914627,11.05229,91.44155,7.42906,11.25214,47.39129,6.575721,10.66606,8.091647,4.908163,0.8625237,99.07149,6.608048,-0.06248466,117.0001,5.620991,-0.4711847,129.7519,5.594299,-0.5785382,148.8787,6.305906,-0.7609952,153.8747,6.230567,-1.101594,158.8487,5.850807,-3.439446,143.0694,5.948181,-11.88618,142.6488,17.84482,-37.89125,138.1294,23.52109,-63.30998,132.8079,24.86284,2.347517,143.09,6.230168,16.87196,143.9708,7.406596,41.77883,140.1156,17.09231,62.83438,135.0267,31.47179,1.731894E+09
1.348377,91.01331,7.485734,-8.389468,90.583,7.550188,-6.717113,46.6716,6.943403,-4.945292,8.028669,5.914627,11.05229,91.44155,7.42906,11.25214,47.39129,6.575721,10.66606,8.091647,4.908163,0.8625237,99.07149,6.608048,-0.06248466,117.0001,5.620991,-0.4711847,129.7519,5.594299,-0.5785382,148.8787,6.305906,-0.7609952,153.8747,6.230567,-1.101594,158.8487,5.850807,-3.439446,143.0694,5.948181,-11.88618,142.6488,17.84482,-37.89125,138.1294,23.52109,-63.30998,132.8079,24.86284,2.347517,143.09,6.230168,16.87196,143.9708,7.406596,41.77883,140.1156,17.09231,62.83438,135.0267,31.47179,1.731894E+09
1.348377,91.01331,7.485734,-8.389468,90.583,7.550188,-6.717113,46.6716,6.943403,-4.945292,8.028669,5.914627,11.05229,91.44155,7.42906,11.25214,47.39129,6.575721,10.66606,8.091647,4.908163,0.8625237,99.07149,6.608048,-0.06248466,117.0001,5.620991,-0.4711847,129.7519,5.594299,-0.5785382,148.8787,6.305906,-0.7609952,153.8747,6.230567,-1.101594,158.8487,5.850807,-3.439446,143.0694,5.948181,-11.88618,142.6488,17.84482,-37.89125,138.1294,23.52109,-63.30998,132.8079,24.86284,2.347517,143.09,6.230168,16.87196,143.9708,7.406596,41.77883,140.1156,17.09231,62.83438,135.0267,31.47179,1.731894E+09
1.369233,91.00716,7.460265,-8.374925,90.57932,7.519161,-6.706855,46.6684,6.926596,-4.943295,8.029431,5.914093,11.06852,91.43896,7.401256,11.24991,47.3885,6.570112,10.66057,8.090727,4.907969,0.8862655,99.0631,6.579225,-0.04466581,116.9897,5.593274,-0.4629831,129.7401,5.577291,-0.5899777,148.8658,6.311486,-0.7766147,153.8617,6.24042,-1.11907,158.8357,5.862664,-3.444822,143.0569,5.944663,-11.87461,142.6291,17.85394,-37.85773,138.0807,23.60568,-63.2613,132.7204,25.05446,2.343343,143.0789,6.230947,16.86895,143.9692,7.39844,41.74109,140.1256,17.17485,62.73992,135.0951,31.65826,1.731894E+09
1.369233,91.00716,7.460265,-8.374925,90.57932,7.519161,-6.706855,46.6684,6.926596,-4.943295,8.029431,5.914093,11.06852,91.43896,7.401256,11.24991,47.3885,6.570112,10.66057,8.090727,4.907969,0.8862655,99.0631,6.579225,-0.04466581,116.9897,5.593274,-0.4629831,129.7401,5.577291,-0.5899777,148.8658,6.311486,-0.7766147,153.8617,6.24042,-1.11907,158.8357,5.862664,-3.444822,143.0569,5.944663,-11.87461,142.6291,17.85394,-37.85773,138.0807,23.60568,-63.2613,132.7204,25.05446,2.343343,143.0789,6.230947,16.86895,143.9692,7.39844,41.74109,140.1256,17.17485,62.73992,135.0951,31.65826,1.731894E+09
1.369233,91.00716,7.460265,-8.374925,90.57932,7.519161,-6.706855,46.6684,6.926596,-4.943295,8.029431,5.914093,11.06852,91.43896,7.401256,11.24991,47.3885,6.570112,10.66057,8.090727,4.907969,0.8862655,99.0631,6.579225,-0.04466581,116.9897,5.593274,-0.4629831,129.7401,5.577291,-0.5899777,148.8658,6.311486,-0.7766147,153.8617,6.24042,-1.11907,158.8357,5.862664,-3.444822,143.0569,5.944663,-11.87461,142.6291,17.85394,-37.85773,138.0807,23.60568,-63.2613,132.7204,25.05446,2.343343,143.0789,6.230947,16.86895,143.9692,7.39844,41.74109,140.1256,17.17485,62.73992,135.0951,31.65826,1.731894E+09
1.381732,90.99963,7.442082,-8.356689,90.57646,7.50579,-6.700859,46.66612,6.900952,-4.941345,8.03047,5.912524,11.06597,91.43459,7.383858,11.25429,47.38451,6.558465,10.65737,8.089362,4.907468,0.9022683,99.05338,6.555518,-0.03292888,116.9786,5.575918,-0.462909,129.7262,5.574226,-0.6174479,148.8504,6.344202,-0.8102242,153.8463,6.281282,-1.158197,158.8206,5.91228,-3.463145,143.0372,5.96043,-11.88732,142.6105,17.87579,-37.85835,138.0486,23.67489,-63.25425,132.6823,25.20769,2.323474,143.0667,6.259755,16.84746,143.9754,7.427114,41.70425,140.1558,17.24753,62.66872,135.2469,31.82261,1.731894E+09
1.381732,90.99963,7.442082,-8.356689,90.57646,7.50579,-6.700859,46.66612,6.900952,-4.941345,8.03047,5.912524,11.06597,91.43459,7.383858,11.25429,47.38451,6.558465,10.65737,8.089362,4.907468,0.9022683,99.05338,6.555518,-0.03292888,116.9786,5.575918,-0.462909,129.7262,5.574226,-0.6174479,148.8504,6.344202,-0.8102242,153.8463,6.281282,-1.158197,158.8206,5.91228,-3.463145,143.0372,5.96043,-11.88732,142.6105,17.87579,-37.85835,138.0486,23.67489,-63.25425,132.6823,25.20769,2.323474,143.0667,6.259755,16.84746,143.9754,7.427114,41.70425,140.1558,17.24753,62.66872,135.2469,31.82261,1.731894E+09
1.381732,90.99963,7.442082,-8.356689,90.57646,7.50579,-6.700859,46.66612,6.900952,-4.941345,8.03047,5.912524,11.06597,91.43459,7.383858,11.25429,47.38451,6.558465,10.65737,8.089362,4.907468,0.9022683,99.05338,6.555518,-0.03292888,116.9786,5.575918,-0.462909,129.7262,5.574226,-0.6174479,148.8504,6.344202,-0.8102242,153.8463,6.281282,-1.158197,158.8206,5.91228,-3.463145,143.0372,5.96043,-11.88732,142.6105,17.87579,-37.85835,138.0486,23.67489,-63.25425,132.6823,25.20769,2.323474,143.0667,6.259755,16.84746,143.9754,7.427114,41.70425,140.1558,17.24753,62.66872,135.2469,31.82261,1.731894E+09
1.381732,90.99963,7.442082,-8.356689,90.57646,7.50579,-6.700859,46.66612,6.900952,-4.941345,8.03047,5.912524,11.06597,91.43459,7.383858,11.25429,47.38451,6.558465,10.65737,8.089362,4.907468,0.9022683,99.05338,6.555518,-0.03292888,116.9786,5.575918,-0.462909,129.7262,5.574226,-0.6174479,148.8504,6.344202,-0.8102242,153.8463,6.281282,-1.158197,158.8206,5.91228,-3.463145,143.0372,5.96043,-11.88732,142.6105,17.87579,-37.85835,138.0486,23.67489,-63.25425,132.6823,25.20769,2.323474,143.0667,6.259755,16.84746,143.9754,7.427114,41.70425,140.1558,17.24753,62.66872,135.2469,31.82261,1.731894E+09
1.378449,90.99493,7.422517,-8.347594,90.57542,7.488643,-6.701131,46.66527,6.880036,-4.940728,8.030768,5.912503,11.05504,91.43065,7.365607,11.25781,47.38116,6.542938,10.6585,8.088306,4.906946,0.8981122,99.04803,6.536607,-0.04050653,116.9734,5.572332,-0.4781273,129.7214,5.590159,-0.6483786,148.8436,6.400513,-0.8451702,153.8394,6.344614,-1.196919,158.8135,5.977306,-3.490371,143.029,5.999746,-11.91342,142.6051,17.91649,-37.87981,138.025,23.72754,-63.27548,132.6854,25.33282,2.299243,143.0666,6.306132,16.82248,143.9985,7.470716,41.67483,140.2069,17.31419,62.60255,135.4107,31.97817,1.731894E+09
1.378449,90.99493,7.422517,-8.347594,90.57542,7.488643,-6.701131,46.66527,6.880036,-4.940728,8.030768,5.912503,11.05504,91.43065,7.365607,11.25781,47.38116,6.542938,10.6585,8.088306,4.906946,0.8981122,99.04803,6.536607,-0.04050653,116.9734,5.572332,-0.4781273,129.7214,5.590159,-0.6483786,148.8436,6.400513,-0.8451702,153.8394,6.344614,-1.196919,158.8135,5.977306,-3.490371,143.029,5.999746,-11.91342,142.6051,17.91649,-37.87981,138.025,23.72754,-63.27548,132.6854,25.33282,2.299243,143.0666,6.306132,16.82248,143.9985,7.470716,41.67483,140.2069,17.31419,62.60255,135.4107,31.97817,1.731894E+09
1.378449,90.99493,7.422517,-8.347594,90.57542,7.488643,-6.701131,46.66527,6.880036,-4.940728,8.030768,5.912503,11.05504,91.43065,7.365607,11.25781,47.38116,6.542938,10.6585,8.088306,4.906946,0.8981122,99.04803,6.536607,-0.04050653,116.9734,5.572332,-0.4781273,129.7214,5.590159,-0.6483786,148.8436,6.400513,-0.8451702,153.8394,6.344614,-1.196919,158.8135,5.977306,-3.490371,143.029,5.999746,-11.91342,142.6051,17.91649,-37.87981,138.025,23.72754,-63.27548,132.6854,25.33282,2.299243,143.0666,6.306132,16.82248,143.9985,7.470716,41.67483,140.2069,17.31419,62.60255,135.4107,31.97817,1.731894E+09
1.370211,90.99959,7.406074,-8.350583,90.57798,7.472858,-6.701186,46.66743,6.866009,-4.943355,8.029516,5.913627,11.0492,91.43257,7.344411,11.25452,47.38263,6.534569,10.65642,8.088484,4.907335,0.8896273,99.05459,6.522871,-0.05264969,116.9825,5.572459,-0.4969998,129.7326,5.605995,-0.6847804,148.8531,6.449377,-0.8831686,153.8488,6.398531,-1.232559,158.8232,6.032051,-3.521384,143.0363,6.033751,-11.94155,142.6301,17.95453,-37.91201,138.0645,23.7614,-63.30982,132.7495,25.3894,2.269024,143.0814,6.350247,16.79004,144.0418,7.519156,41.64206,140.2824,17.37635,62.56443,135.5544,32.06886,1.731894E+09
1.370211,90.99959,7.406074,-8.350583,90.57798,7.472858,-6.701186,46.66743,6.866009,-4.943355,8.029516,5.913627,11.0492,91.43257,7.344411,11.25452,47.38263,6.534569,10.65642,8.088484,4.907335,0.8896273,99.05459,6.522871,-0.05264969,116.9825,5.572459,-0.4969998,129.7326,5.605995,-0.6847804,148.8531,6.449377,-0.8831686,153.8488,6.398531,-1.232559,158.8232,6.032051,-3.521384,143.0363,6.033751,-11.94155,142.6301,17.95453,-37.91201,138.0645,23.7614,-63.30982,132.7495,25.3894,2.269024,143.0814,6.350247,16.79004,144.0418,7.519156,41.64206,140.2824,17.37635,62.56443,135.5544,32.06886,1.731894E+09
1.370211,90.99959,7.406074,-8.350583,90.57798,7.472858,-6.701186,46.66743,6.866009,-4.943355,8.029516,5.913627,11.0492,91.43257,7.344411,11.25452,47.38263,6.534569,10.65642,8.088484,4.907335,0.8896273,99.05459,6.522871,-0.05264969,116.9825,5.572459,-0.4969998,129.7326,5.605995,-0.6847804,148.8531,6.449377,-0.8831686,153.8488,6.398531,-1.232559,158.8232,6.032051,-3.521384,143.0363,6.033751,-11.94155,142.6301,17.95453,-37.91201,138.0645,23.7614,-63.30982,132.7495,25.3894,2.269024,143.0814,6.350247,16.79004,144.0418,7.519156,41.64206,140.2824,17.37635,62.56443,135.5544,32.06886,1.731894E+09
1.36519,91.00434,7.399014,-8.350446,90.57797,7.455118,-6.704392,46.66701,6.857163,-4.947321,8.027583,5.915476,11.04679,91.43684,7.338674,11.24769,47.386,6.537175,10.65207,8.088452,4.907784,0.8801373,99.05988,6.511367,-0.06999148,116.9887,5.563342,-0.5202667,129.7398,5.610057,-0.71685,148.859,6.480256,-0.9131412,153.8548,6.431401,-1.255124,158.8293,6.060477,-3.550014,143.0412,6.053421,-11.96482,142.6599,17.98007,-37.94369,138.1203,23.77049,-63.34642,132.8291,25.3828,2.239776,143.0892,6.376081,16.75838,144.074,7.547627,41.61828,140.3664,17.40547,62.56786,135.6782,32.07226,1.731894E+09
